Country_Code;Date;Exchange_Rate_To_Euro;Petrol_With_Taxes;Diesel_With_Taxes
;;;1000L;1000L
BE;15/01/24;1.00000;1574.44;1719.96
BE;08/01/24;1.00000;1584.06;1738.82
BE;01/01/24;1.00000;1592.93;1716.92
BE;25/12/23;1.00000;1604.86;1737.85
BE;18/12/23;1.00000;1602.54;1734.79
BE;11/12/23;1.00000;1621.82;1767.97
BE;04/12/23;1.00000;1631.34;1782.96
BE;27/11/23;1.00000;1644.97;1794.23
BE;20/11/23;1.00000;1672.16;1797.57
BE;13/11/23;1.00000;1692.06;1848.67
BE;06/11/23;1.00000;1707.30;1874.60
BE;30/10/23;1.00000;1704.31;1875.84
BE;23/10/23;1.00000;1711.15;1871.02
BE;16/10/23;1.00000;1704.43;1865.30
BE;09/10/23;1.00000;1767.68;1934.82
BE;02/10/23;1.00000;1823.60;1944.64
BE;25/09/23;1.00000;1847.00;1955.88
BE;18/09/23;1.00000;1804.29;1945.33
BE;11/09/23;1.00000;1861.47;1920.34
BE;04/09/23;1.00000;1817.23;1891.92
BE;28/08/23;1.00000;1814.24;1861.79
BE;21/08/23;1.00000;1785.06;1856.09
BE;14/08/23;1.00000;1840.39;1887.36
BE;07/08/23;1.00000;1798.67;1831.52
BE;31/07/23;1.00000;1775.07;1775.75
BE;24/07/23;1.00000;1708.33;1719.69
BE;17/07/23;1.00000;1706.84;1714.57
BE;10/07/23;1.00000;1734.29;1722.00
BE;03/07/23;1.00000;1710.20;1698.04
BE;26/06/23;1.00000;1707.96;1679.10
BE;19/06/23;1.00000;1713.06;1672.40
BE;12/06/23;1.00000;1760.06;1713.70
BE;05/06/23;1.00000;1729.70;1688.53
BE;29/05/23;1.00000;1712.80;1651.65
BE;22/05/23;1.00000;1680.72;1664.37
BE;15/05/23;1.00000;1697.59;1662.80
BE;08/05/23;1.00000;1703.61;1669.70
BE;01/05/23;1.00000;1711.64;1691.88
BE;24/04/23;1.00000;1744.96;1716.27
BE;17/04/23;1.00000;1783.37;1757.20
BE;10/04/23;1.00000;1762.93;1753.59
BE;03/04/23;1.00000;1690.99;1690.30
BE;27/03/23;1.00000;1661.62;1706.68
BE;20/03/23;1.00000;1714.39;1706.50
BE;13/03/23;1.00000;1732.44;1723.80
BE;06/03/23;1.00000;1696.50;1706.47
BE;27/02/23;1.00000;1711.97;1684.33
BE;20/02/23;1.00000;1713.68;1696.13
BE;13/02/23;1.00000;1697.01;1690.39
BE;06/02/23;1.00000;1724.71;1722.17
BE;30/01/23;1.00000;1728.38;1748.45
BE;23/01/23;1.00000;1691.97;1733.40
BE;16/01/23;1.00000;1660.93;1715.31
BE;09/01/23;1.00000;1691.98;1726.78
BE;02/01/23;1.00000;1687.00;1757.00
BE;26/12/22;1.00000;1634.35;1736.59
BE;19/12/22;1.00000;1621.38;1722.54
BE;12/12/22;1.00000;1686.64;1743.10
BE;05/12/22;1.00000;1712.18;1789.69
BE;28/11/22;1.00000;1754.20;1812.61
BE;21/11/22;1.00000;1832.56;1880.29
BE;14/11/22;1.00000;1920.91;2003.10
BE;07/11/22;1.00000;1837.34;2034.50
BE;31/10/22;1.00000;1830.53;2122.63
BE;24/10/22;1.00000;1837.05;2149.16
BE;17/10/22;1.00000;1806.63;2144.71
BE;10/10/22;1.00000;1749.56;1975.12
BE;03/10/22;1.00000;1690.83;1906.62
BE;26/09/22;1.00000;1689.46;1885.40
BE;19/09/22;1.00000;1675.19;1934.36
BE;12/09/22;1.00000;1654.66;1990.61
BE;05/09/22;1.00000;1688.58;2021.06
BE;29/08/22;1.00000;1733.50;2005.34
BE;22/08/22;1.00000;1718.91;1892.03
BE;15/08/22;1.00000;1741.73;1881.04
BE;08/08/22;1.00000;1779.98;1914.78
BE;01/08/22;1.00000;1846.62;1975.83
BE;25/07/22;1.00000;1875.28;2000.24
BE;18/07/22;1.00000;1910.24;2026.63
BE;11/07/22;1.00000;1990.69;2043.71
BE;04/07/22;1.00000;2006.43;2111.17
BE;27/06/22;1.00000;2042.99;2178.01
BE;20/06/22;1.00000;2110.83;2173.44
BE;13/06/22;1.00000;2107.04;2112.05
BE;06/06/22;1.00000;2023.38;1984.20
BE;30/05/22;1.00000;1947.38;1909.37
BE;23/05/22;1.00000;1967.77;1944.09
BE;16/05/22;1.00000;1925.81;1998.94
BE;09/05/22;1.00000;1875.58;2040.87
BE;02/05/22;1.00000;1821.53;1989.82
BE;25/04/22;1.00000;1763.28;1942.72
BE;11/04/22;1.00000;1787.28;1894.73
BE;04/04/22;1.00000;1807.61;2018.78
BE;28/03/22;1.00000;1760.16;1961.74
BE;21/03/22;1.00000;1753.10;1878.20
BE;14/03/22;1.00000;1950.63;2142.89
BE;07/03/22;1.00000;1811.70;1924.27
BE;28/02/22;1.00000;1734.85;1783.00
BE;21/02/22;1.00000;1701.00;1740.33
BE;14/02/22;1.00000;1684.60;1748.31
BE;07/02/22;1.00000;1673.25;1730.47
BE;31/01/22;1.00000;1656.86;1708.40
BE;24/01/22;1.00000;1648.27;1690.76
BE;17/01/22;1.00000;1625.36;1684.70
BE;10/01/22;1.00000;1646.84;1668.29
BE;03/01/22;1.00000;1640.00;1654.00
BE;20/12/21;1.00000;1615.11;1626.98
BE;13/12/21;1.00000;1561.35;1607.16
BE;06/12/21;1.00000;1581.77;1604.36
BE;29/11/21;1.00000;1641.65;1668.75
BE;22/11/21;1.00000;1717.54;1682.59
BE;15/11/21;1.00000;1686.24;1684.64
BE;08/11/21;1.00000;1673.09;1676.84
BE;01/11/21;1.00000;1644.03;1657.96
BE;25/10/21;1.00000;1629.34;1642.39
BE;18/10/21;1.00000;1621.78;1644.25
BE;11/10/21;1.00000;1568.58;1593.35
BE;04/10/21;1.00000;1543.78;1570.99
BE;27/09/21;1.00000;1522.57;1529.19
BE;20/09/21;1.00000;1535.96;1527.55
BE;13/09/21;1.00000;1511.23;1505.40
BE;06/09/21;1.00000;1510.83;1500.74
BE;30/08/21;1.00000;1499.32;1498.31
BE;23/08/21;1.00000;1533.33;1511.43
BE;16/08/21;1.00000;1503.96;1497.78
BE;09/08/21;1.00000;1514.40;1516.33
BE;02/08/21;1.00000;1523.50;1515.87
BE;26/07/21;1.00000;1512.78;1502.90
BE;19/07/21;1.00000;1492.92;1488.52
BE;12/07/21;1.00000;1491.16;1494.32
BE;05/07/21;1.00000;1498.74;1514.72
BE;28/06/21;1.00000;1498.74;1514.72
BE;21/06/21;1.00000;1481.93;1502.75
BE;14/06/21;1.00000;1461.30;1457.76
BE;07/06/21;1.00000;1435.60;1452.78
BE;31/05/21;1.00000;1443.90;1448.14
BE;24/05/21;1.00000;1478.78;1487.33
BE;17/05/21;1.00000;1495.31;1489.27
BE;10/05/21;1.00000;1447.15;1436.65
BE;03/05/21;1.00000;1416.50;1410.40
BE;26/04/21;1.00000;1420.53;1419.90
BE;19/04/21;1.00000;1414.88;1421.90
BE;12/04/21;1.00000;1405.53;1421.05
BE;29/03/21;1.00000;1412.17;1421.05
BE;22/03/21;1.00000;1427.78;1421.88
BE;15/03/21;1.00000;1437.00;1439.39
BE;08/03/21;1.00000;1406.89;1422.97
BE;01/03/21;1.00000;1360.58;1395.93
BE;22/02/21;1.00000;1355.29;1409.06
BE;15/02/21;1.00000;1345.77;1402.48
BE;08/02/21;1.00000;1338.72;1370.39
BE;01/02/21;1.00000;1307.79;1341.91
BE;25/01/21;1.00000;1314.20;1350.60
BE;18/01/21;1.00000;1295.30;1324.10
BE;11/01/21;1.00000;1265.80;1309.00
BE;21/12/20;1.00000;1301.00;1323.00
BE;14/12/20;1.00000;1281.00;1304.70
BE;07/12/20;1.00000;1262.00;1290.50
BE;30/11/20;1.00000;1267.60;1298.00
BE;23/11/20;1.00000;1265.40;1290.30
BE;16/11/20;1.00000;1240.60;1274.40
BE;09/11/20;1.00000;1235.40;1238.80
BE;02/11/20;1.00000;1265.30;1254.80
BE;26/10/20;1.00000;1296.80;1287.30
BE;19/10/20;1.00000;1305.20;1269.30
BE;12/10/20;1.00000;1290.80;1250.90
BE;05/10/20;1.00000;1296.80;1229.40
BE;28/09/20;1.00000;1316.60;1243.70
BE;21/09/20;1.00000;1288.40;1231.60
BE;14/09/20;1.00000;1323.80;1270.70
BE;07/09/20;1.00000;1348.00;1305.10
BE;31/08/20;1.00000;1320.50;1290.80
BE;24/08/20;1.00000;1312.20;1295.50
BE;17/08/20;1.00000;1308.10;1301.00
BE;10/08/20;1.00000;1303.10;1313.42
BE;03/08/20;1.00000;1311.50;1301.60
BE;27/07/20;1.00000;1296.40;1304.30
BE;20/07/20;1.00000;1266.40;1267.70
BE;13/07/20;1.00000;1306.10;1310.80
BE;06/07/20;1.00000;1281.40;1268.20
BE;29/06/20;1.00000;1245.60;1258.40
BE;22/06/20;1.00000;1248.87;1225.22
BE;15/06/20;1.00000;1227.90;1238.30
BE;08/06/20;1.00000;1239.10;1242.90
BE;01/06/20;1.00000;1216.30;1232.50
BE;25/05/20;1.00000;1190.30;1198.40
BE;18/05/20;1.00000;1170.50;1171.50
BE;11/05/20;1.00000;1155.60;1162.50
BE;04/05/20;1.00000;1145.20;1181.00
BE;27/04/20;1.00000;1103.45;1164.17
BE;20/04/20;1.00000;1342.00;1223.00
BE;06/04/20;1.00000;1095.80;1209.10
BE;30/03/20;1.00000;1058.10;1219.40
BE;23/03/20;1.00000;1076.10;1209.10
BE;16/03/20;1.00000;1210.30;1252.50
BE;09/03/20;1.00000;1320.40;1352.30
BE;02/03/20;1.00000;1377.00;1417.20
BE;24/02/20;1.00000;1375.60;1415.00
BE;17/02/20;1.00000;1363.40;1397.50
BE;10/02/20;1.00000;1390.40;1406.30
BE;03/02/20;1.00000;1354.50;1397.50
BE;27/01/20;1.00000;1406.90;1461.80
BE;20/01/20;1.00000;1412.76;1489.50
BE;13/01/20;1.00000;1414.80;1490.50
BE;06/01/20;1.00000;1445.90;1520.50
BE;16/12/19;1.00000;1407.60;1458.00
BE;09/12/19;1.00000;1391.80;1425.10
BE;02/12/19;1.00000;1373.10;1427.00
BE;25/11/19;1.00000;1387.70;1435.70
BE;18/11/19;1.00000;1388.00;1429.50
BE;11/11/19;1.00000;1381.70;1449.30
BE;04/11/19;1.00000;1381.70;1449.30
BE;28/10/19;1.00000;1364.00;1425.40
BE;21/10/19;1.00000;1367.40;1424.30
BE;14/10/19;1.00000;1402.60;1439.80
BE;07/10/19;1.00000;1409.90;1421.70
BE;30/09/19;1.00000;1401.00;1442.30
BE;23/09/19;1.00000;1387.30;1449.50
BE;16/09/19;1.00000;1366.50;1426.80
BE;09/09/19;1.00000;1361.70;1482.30
BE;02/09/19;1.00000;1365.70;1417.20
BE;26/08/19;1.00000;1380.70;1416.70
BE;19/08/19;1.00000;1437.80;1469.70
BE;12/08/19;1.00000;1362.10;1360.40
BE;05/08/19;1.00000;1441.60;1450.50
BE;29/07/19;1.00000;1443.90;1447.10
BE;22/07/19;1.00000;1444.80;1451.90
BE;15/07/19;1.00000;1431.60;1419.30
BE;08/07/19;1.00000;1420.40;1426.40
BE;01/07/19;1.00000;1395.20;1430.00
BE;24/06/19;1.00000;1416.10;1424.80
BE;17/06/19;1.00000;1379.20;1392.10
BE;10/06/19;1.00000;1424.50;1402.90
BE;03/06/19;1.00000;1528.20;1515.20
BE;27/05/19;1.00000;1495.50;1465.20
BE;20/05/19;1.00000;1438.70;1458.70
BE;13/05/19;1.00000;1476.70;1479.80
BE;06/05/19;1.00000;1558.00;1557.80
BE;29/04/19;1.00000;1479.30;1486.10
BE;15/04/19;1.00000;1418.90;1448.70
BE;08/04/19;1.00000;1420.90;1431.80
BE;01/04/19;1.00000;1384.10;1418.00
BE;25/03/19;1.00000;1394.60;1456.90
BE;18/03/19;1.00000;1370.90;1431.20
BE;11/03/19;1.00000;1345.50;1469.50
BE;04/03/19;1.00000;1326.90;1436.60
BE;25/02/19;1.00000;1328.90;1444.00
BE;18/02/19;1.00000;1313.10;1420.70
BE;11/02/19;1.00000;1304.30;1395.80
BE;04/02/19;1.00000;1309.80;1435.80
BE;28/01/19;1.00000;1283.60;1406.90
BE;21/01/19;1.00000;1302.90;1413.60
BE;14/01/19;1.00000;1272.30;1370.10
BE;07/01/19;1.00000;1293.30;1374.00
BE;17/12/18;1.00000;1326.00;1454.30
BE;10/12/18;1.00000;1303.70;1436.30
BE;03/12/18;1.00000;1331.30;1477.30
BE;26/11/18;1.00000;1329.50;1477.40
BE;19/11/18;1.00000;1361.50;1502.20
BE;12/11/18;1.00000;1409.80;1556.62
BE;05/11/18;1.00000;1453.50;1573.40
BE;29/10/18;1.00000;1427.60;1536.40
BE;22/10/18;1.00000;1427.80;1516.40
BE;15/10/18;1.00000;1417.70;1533.80
BE;08/10/18;1.00000;1477.00;1534.70
BE;01/10/18;1.00000;1419.50;1468.80
BE;24/09/18;1.00000;1449.20;1491.40
BE;17/09/18;1.00000;1450.10;1500.90
BE;10/09/18;1.00000;1525.60;1563.30
BE;03/09/18;1.00000;1455.10;1476.70
BE;27/08/18;1.00000;1470.10;1479.20
BE;20/08/18;1.00000;1433.40;1461.80
BE;13/08/18;1.00000;1439.10;1436.40
BE;06/08/18;1.00000;1448.80;1459.80
BE;30/07/18;1.00000;1427.90;1439.20
BE;23/07/18;1.00000;1406.55;1440.43
BE;16/07/18;1.00000;1443.90;1445.71
BE;09/07/18;1.00000;1432.56;1453.67
BE;02/07/18;1.00000;1489.10;1490.10
BE;25/06/18;1.00000;1438.30;1435.70
BE;18/06/18;1.00000;1442.50;1439.90
BE;11/06/18;1.00000;1410.60;1411.20
BE;04/06/18;1.00000;1490.40;1479.40
BE;28/05/18;1.00000;1454.50;1436.00
BE;21/05/18;1.00000;1456.80;1432.10
BE;14/05/18;1.00000;1404.20;1403.10
BE;07/05/18;1.00000;1439.50;1421.60
BE;30/04/18;1.00000;1409.00;1373.40
BE;23/04/18;1.00000;1383.60;1357.10
BE;16/04/18;1.00000;1395.17;1365.52
BE;09/04/18;1.00000;1393.40;1355.30
BE;26/03/18;1.00000;1326.50;1318.80
BE;19/03/18;1.00000;1318.50;1291.50
BE;12/03/18;1.00000;1278.20;1262.60
BE;05/03/18;1.00000;1333.60;1292.60
BE;26/02/18;1.00000;1374.30;1340.20
BE;19/02/18;1.00000;1330.30;1288.00
BE;12/02/18;1.00000;1362.80;1310.70
BE;05/02/18;1.00000;1369.20;1309.90
BE;29/01/18;1.00000;1362.70;1303.70
BE;22/01/18;1.00000;1351.30;1297.50
BE;15/01/18;1.00000;1366.40;1300.70
BE;08/01/18;1.00000;1361.70;1320.00
BE;01/01/18;1.00000;1349.40;1301.70
BE;18/12/17;1.00000;1331.50;1279.00
BE;11/12/17;1.00000;1306.50;1249.10
BE;04/12/17;1.00000;1375.10;1294.50
BE;27/11/17;1.00000;1385.30;1309.30
BE;20/11/17;1.00000;1361.50;1316.80
BE;13/11/17;1.00000;1385.00;1291.30
BE;06/11/17;1.00000;1349.20;1279.30
BE;30/10/17;1.00000;1336.00;1276.10
BE;23/10/17;1.00000;1326.40;1273.30
BE;16/10/17;1.00000;1312.10;1245.20
BE;09/10/17;1.00000;1317.30;1275.90
BE;02/10/17;1.00000;1352.10;1271.90
BE;25/09/17;1.00000;1333.80;1236.50
BE;18/09/17;1.00000;1307.80;1209.90
BE;11/09/17;1.00000;1348.40;1228.20
BE;04/09/17;1.00000;1361.00;1224.60
BE;28/08/17;1.00000;1315.20;1209.70
BE;21/08/17;1.00000;1316.80;1208.20
BE;14/08/17;1.00000;1356.40;1249.60
BE;07/08/17;1.00000;1336.60;1236.50
BE;31/07/17;1.00000;1297.60;1196.50
BE;24/07/17;1.00000;1308.00;1216.08
BE;17/07/17;1.00000;1295.00;1198.25
BE;10/07/17;1.00000;1323.24;1227.44
BE;03/07/17;1.00000;1318.68;1196.46
BE;26/06/17;1.00000;1314.60;1186.80
BE;19/06/17;1.00000;1303.40;1179.80
BE;12/06/17;1.00000;1324.40;1202.70
BE;05/06/17;1.00000;1323.30;1264.60
BE;29/05/17;1.00000;1338.40;1264.60
BE;22/05/17;1.00000;1382.50;1264.60
BE;15/05/17;1.00000;1343.40;1225.40
BE;08/05/17;1.00000;1398.80;1291.70
BE;01/05/17;1.00000;1378.70;1260.10
BE;24/04/17;1.00000;1432.00;1300.60
BE;10/04/17;1.00000;1355.70;1262.90
BE;03/04/17;1.00000;1380.70;1263.50
BE;27/03/17;1.00000;1299.90;1214.40
BE;20/03/17;1.00000;1341.40;1244.90
BE;13/03/17;1.00000;1384.90;1262.50
BE;06/03/17;1.00000;1401.10;1256.10
BE;27/02/17;1.00000;1397.10;1232.70
BE;20/02/17;1.00000;1415.80;1251.50
BE;13/02/17;1.00000;1355.90;1238.80
BE;06/02/17;1.00000;1376.10;1268.70
BE;30/01/17;1.00000;1409.60;1285.80
BE;23/01/17;1.00000;1391.50;1258.80
BE;16/01/17;1.00000;1366.10;1234.90
BE;09/01/17;1.00000;1394.20;1282.60
BE;02/01/17;1.00000;1355.29;1253.75
BE;19/12/16;1.00000;1328.70;1230.90
BE;12/12/16;1.00000;1312.70;1211.00
BE;05/12/16;1.00000;1273.30;1176.50
BE;28/11/16;1.00000;1275.30;1176.30
BE;21/11/16;1.00000;1268.00;1153.70
BE;14/11/16;1.00000;1265.20;1155.80
BE;07/11/16;1.00000;1296.90;1150.50
BE;31/10/16;1.00000;1303.82;1194.82
BE;24/10/16;1.00000;1304.20;1195.70
BE;17/10/16;1.00000;1340.80;1223.50
BE;10/10/16;1.00000;1266.90;1132.80
BE;03/10/16;1.00000;1266.90;1132.80
BE;26/09/16;1.00000;1269.70;1146.40
BE;19/09/16;1.00000;1264.00;1129.90
BE;12/09/16;1.00000;1255.00;1147.30
BE;05/09/16;1.00000;1279.60;1160.50
BE;29/08/16;1.00000;1265.20;1144.70
BE;22/08/16;1.00000;1222.50;1119.50
BE;15/08/16;1.00000;1259.87;1126.32
BE;08/08/16;1.00000;1232.10;1100.90
BE;01/08/16;1.00000;1233.00;1092.70
BE;25/07/16;1.00000;1280.40;1136.40
BE;18/07/16;1.00000;1295.36;1155.00
BE;11/07/16;1.00000;1281.86;1120.14
BE;04/07/16;1.00000;1324.54;1150.85
BE;27/06/16;1.00000;1312.50;1119.00
BE;20/06/16;1.00000;1328.50;1150.10
BE;13/06/16;1.00000;1318.50;1128.20
BE;06/06/16;1.00000;1345.80;1158.40
BE;30/05/16;1.00000;1328.90;1128.40
BE;23/05/16;1.00000;1270.90;1083.90
BE;16/05/16;1.00000;1292.60;1097.80
BE;09/05/16;1.00000;1292.60;1079.40
BE;02/05/16;1.00000;1297.90;1088.60
BE;25/04/16;1.00000;1268.30;1050.60
BE;18/04/16;1.00000;1266.00;1068.40
BE;11/04/16;1.00000;1252.90;1038.30
BE;04/04/16;1.00000;1228.88;1034.44
BE;21/03/16;1.00000;1211.90;1058.60
BE;14/03/16;1.00000;1196.20;1051.10
BE;07/03/16;1.00000;1196.50;1026.80
BE;29/02/16;1.00000;1180.30;1020.30
BE;22/02/16;1.00000;1183.60;1011.00
BE;15/02/16;1.00000;1158.10;965.70
BE;08/02/16;1.00000;1187.90;1004.80
BE;01/02/16;1.00000;1188.00;990.20
BE;25/01/16;1.00000;1200.40;970.40
BE;18/01/16;1.00000;1191.60;977.40
BE;11/01/16;1.00000;1295.70;1064.20
BE;04/01/16;1.00000;1205.50;1003.70
BE;14/12/15;1.00000;1210.60;1041.10
BE;07/12/15;1.00000;1310.00;1094.30
BE;30/11/15;1.00000;1357.00;1091.80
BE;23/11/15;1.00000;1285.70;1099.80
BE;16/11/15;1.00000;1331.50;1118.30
BE;09/11/15;1.00000;1276.26;1078.71
BE;02/11/15;1.00000;1271.81;1084.90
BE;26/10/15;1.00000;1271.81;1084.90
BE;19/10/15;1.00000;1303.70;1084.90
BE;12/10/15;1.00000;1282.67;1110.56
BE;05/10/15;1.00000;1342.65;1139.50
BE;28/09/15;1.00000;1300.34;1123.41
BE;21/09/15;1.00000;1320.25;1109.07
BE;14/09/15;1.00000;1346.80;1137.50
BE;07/09/15;1.00000;1320.60;1116.80
BE;31/08/15;1.00000;1291.40;1148.00
BE;24/08/15;1.00000;1335.80;1102.50
BE;17/08/15;1.00000;1383.10;1109.50
BE;10/08/15;1.00000;1411.10;1149.50
BE;03/08/15;1.00000;1420.40;1142.00
BE;27/07/15;1.00000;1463.90;1174.40
BE;20/07/15;1.00000;1458.00;1227.60
BE;13/07/15;1.00000;1458.00;1227.60
BE;06/07/15;1.00000;1461.10;1170.00
BE;29/06/15;1.00000;1442.40;1194.80
BE;22/06/15;1.00000;1474.10;1204.00
BE;15/06/15;1.00000;1485.10;1206.00
BE;08/06/15;1.00000;1440.50;1235.00
BE;01/06/15;1.00000;1462.50;1202.70
BE;25/05/15;1.00000;1452.60;1214.00
BE;18/05/15;1.00000;1429.50;1202.60
BE;11/05/15;1.00000;1456.00;1249.90
BE;04/05/15;1.00000;1455.00;1228.90
BE;27/04/15;1.00000;1448.60;1237.20
BE;20/04/15;1.00000;1417.50;1185.90
BE;13/04/15;1.00000;1415.68;1187.48
BE;30/03/15;1.00000;1404.40;1212.90
BE;23/03/15;1.00000;1374.20;1138.60
BE;16/03/15;1.00000;1397.90;1211.40
BE;09/03/15;1.00000;1385.60;1205.80
BE;02/03/15;1.00000;1380.50;1227.20
BE;23/02/15;1.00000;1348.60;1204.10
BE;16/02/15;1.00000;1319.20;1172.40
BE;09/02/15;1.00000;1326.30;1165.40
BE;02/02/15;1.00000;1238.90;1097.70
BE;26/01/15;1.00000;1234.50;1070.30
BE;19/01/15;1.00000;1245.50;1126.00
BE;12/01/15;1.00000;1292.60;1155.40
BE;05/01/15;1.00000;1383.30;1245.10
BE;15/12/14;1.00000;1383.30;1245.10
BE;08/12/14;1.00000;1383.30;1245.10
BE;01/12/14;1.00000;1376.60;1198.20
BE;24/11/14;1.00000;1430.90;1256.20
BE;17/11/14;1.00000;1449.10;1309.90
BE;10/11/14;1.00000;1451.10;1299.60
BE;03/11/14;1.00000;1451.10;1299.60
BE;27/10/14;1.00000;1423.38;1295.25
BE;20/10/14;1.00000;1507.20;1299.80
BE;13/10/14;1.00000;1560.40;1333.60
BE;06/10/14;1.00000;1497.10;1303.60
BE;29/09/14;1.00000;1537.00;1339.65
BE;22/09/14;1.00000;1570.80;1355.70
BE;15/09/14;1.00000;1617.10;1401.90
BE;08/09/14;1.00000;1555.00;1357.20
BE;01/09/14;1.00000;1592.60;1402.50
BE;25/08/14;1.00000;1544.60;1352.40
BE;18/08/14;1.00000;1557.30;1368.60
BE;11/08/14;1.00000;1554.50;1387.10
BE;04/08/14;1.00000;1545.90;1361.50
BE;28/07/14;1.00000;1516.80;1310.60
BE;21/07/14;1.00000;1604.20;1378.90
BE;14/07/14;1.00000;1604.20;1378.90
BE;07/07/14;1.00000;1609.20;1377.50
BE;30/06/14;1.00000;1643.10;1429.90
BE;23/06/14;1.00000;1601.10;1388.10
BE;16/06/14;1.00000;1601.00;1392.50
BE;09/06/14;1.00000;1590.40;1379.60
BE;02/06/14;1.00000;1590.40;1379.60
BE;26/05/14;1.00000;1605.40;1401.00
BE;19/05/14;1.00000;1576.80;1393.50
BE;12/05/14;1.00000;1571.20;1351.30
BE;05/05/14;1.00000;1623.60;1413.90
BE;28/04/14;1.00000;1553.70;1362.10
BE;14/04/14;1.00000;1538.00;1348.07
BE;07/04/14;1.00000;1532.70;1369.40
BE;31/03/14;1.00000;1482.40;1307.80
BE;24/03/14;1.00000;1522.50;1352.70
BE;17/03/14;1.00000;1532.10;1365.10
BE;10/03/14;1.00000;1552.80;1391.90
BE;03/03/14;1.00000;1494.60;1330.90
BE;24/02/14;1.00000;1555.10;1388.60
BE;17/02/14;1.00000;1532.70;1360.90
BE;10/02/14;1.00000;1540.90;1395.30
BE;03/02/14;1.00000;1521.30;1366.80
BE;27/01/14;1.00000;1526.60;1367.90
BE;20/01/14;1.00000;1503.30;1333.80
BE;13/01/14;1.00000;1512.10;1349.90
BE;06/01/14;1.00000;1551.70;1385.20
BE;16/12/13;1.00000;1509.40;1360.60
BE;09/12/13;1.00000;1527.90;1408.80
BE;02/12/13;1.00000;1544.10;1391.90
BE;25/11/13;1.00000;1502.60;1369.10
BE;18/11/13;1.00000;1562.90;1403.60
BE;11/11/13;1.00000;1504.33;1369.68
BE;04/11/13;1.00000;1504.33;1369.68
BE;28/10/13;1.00000;1536.80;1353.00
BE;21/10/13;1.00000;1527.80;1367.50
BE;14/10/13;1.00000;1536.10;1388.80
BE;07/10/13;1.00000;1520.40;1372.50
BE;30/09/13;1.00000;1543.60;1416.40
BE;23/09/13;1.00000;1527.60;1358.90
BE;16/09/13;1.00000;1609.70;1440.50
BE;09/09/13;1.00000;1639.80;1447.70
BE;02/09/13;1.00000;1647.60;1463.60
BE;26/08/13;1.00000;1595.40;1404.60
BE;19/08/13;1.00000;1612.50;1388.90
BE;12/08/13;1.00000;1653.20;1445.80
BE;05/08/13;1.00000;1603.20;1409.60
BE;29/07/13;1.00000;1603.20;1409.60
BE;22/07/13;1.00000;1686.20;1453.50
BE;15/07/13;1.00000;1608.00;1416.80
BE;08/07/13;1.00000;1571.00;1393.40
BE;01/07/13;1.00000;1573.00;1397.80
BE;24/06/13;1.00000;1595.00;1412.30
BE;17/06/13;1.00000;1593.50;1384.80
BE;10/06/13;1.00000;1579.70;1364.60
BE;03/06/13;1.00000;1582.40;1368.30
BE;27/05/13;1.00000;1559.30;1365.30
BE;20/05/13;1.00000;1559.30;1365.30
BE;13/05/13;1.00000;1559.30;1365.30
BE;06/05/13;1.00000;1544.90;1334.60
BE;29/04/13;1.00000;1626.00;1431.00
BE;22/04/13;1.00000;1549.40;1348.40
BE;15/04/13;1.00000;1588.50;1393.80
BE;08/04/13;1.00000;1653.30;1438.10
BE;25/03/13;1.00000;1567.90;1398.60
BE;18/03/13;1.00000;1589.20;1398.50
BE;11/03/13;1.00000;1632.90;1463.11
BE;04/03/13;1.00000;1664.70;1473.00
BE;25/02/13;1.00000;1634.20;1435.00
BE;18/02/13;1.00000;1622.20;1427.00
BE;11/02/13;1.00000;1591.80;1411.50
BE;04/02/13;1.00000;1614.80;1434.00
BE;28/01/13;1.00000;1620.60;1436.10
BE;21/01/13;1.00000;1597.50;1439.80
BE;14/01/13;1.00000;1574.40;1423.90
BE;07/01/13;1.00000;1568.70;1421.70
BE;17/12/12;1.00000;1556.00;1402.20
BE;10/12/12;1.00000;1605.50;1455.20
BE;03/12/12;1.00000;1544.00;1415.10
BE;26/11/12;1.00000;1586.00;1451.70
BE;19/11/12;1.00000;1576.70;1476.20
BE;12/11/12;1.00000;1579.00;1489.80
BE;05/11/12;1.00000;1579.00;1489.80
BE;29/10/12;1.00000;1586.30;1464.00
BE;22/10/12;1.00000;1602.80;1470.20
BE;15/10/12;1.00000;1686.90;1527.90
BE;08/10/12;1.00000;1707.20;1505.40
BE;01/10/12;1.00000;1688.70;1492.60
BE;24/09/12;1.00000;1705.50;1477.30
BE;17/09/12;1.00000;1723.80;1494.90
BE;10/09/12;1.00000;1710.00;1504.40
BE;03/09/12;1.00000;1720.30;1521.20
BE;27/08/12;1.00000;1706.10;1505.40
BE;20/08/12;1.00000;1711.10;1507.60
BE;13/08/12;1.00000;1689.10;1507.00
BE;06/08/12;1.00000;1650.00;1479.10
BE;30/07/12;1.00000;1685.30;1485.40
BE;23/07/12;1.00000;1658.20;1456.60
BE;16/07/12;1.00000;1652.30;1453.30
BE;09/07/12;1.00000;1634.00;1443.40
BE;02/07/12;1.00000;1557.00;1365.00
BE;25/06/12;1.00000;1582.80;1385.80
BE;18/06/12;1.00000;1636.10;1438.10
BE;11/06/12;1.00000;1615.50;1393.60
BE;04/06/12;1.00000;1609.00;1399.10
BE;28/05/12;1.00000;1630.40;1437.20
BE;21/05/12;1.00000;1630.40;1437.20
BE;14/05/12;1.00000;1698.70;1485.10
BE;07/05/12;1.00000;1647.70;1451.60
BE;30/04/12;1.00000;1715.60;1454.20
BE;23/04/12;1.00000;1715.60;1454.20
BE;16/04/12;1.00000;1739.00;1487.30
BE;02/04/12;1.00000;1702.60;1458.40
BE;26/03/12;1.00000;1648.70;1463.10
BE;19/03/12;1.00000;1698.90;1501.80
BE;12/03/12;1.00000;1643.50;1450.90
BE;05/03/12;1.00000;1659.30;1496.70
BE;27/02/12;1.00000;1681.70;1510.20
BE;20/02/12;1.00000;1642.30;1503.70
BE;13/02/12;1.00000;1627.00;1461.60
BE;06/02/12;1.00000;1609.20;1431.60
BE;30/01/12;1.00000;1600.10;1424.60
BE;23/01/12;1.00000;1626.80;1469.80
BE;16/01/12;1.00000;1624.80;1498.40
BE;09/01/12;1.00000;1569.20;1432.20
BE;19/12/11;1.00000;1540.20;1427.30
BE;12/12/11;1.00000;1517.60;1402.10
BE;05/12/11;1.00000;1529.40;1429.50
BE;28/11/11;1.00000;1496.30;1384.90
BE;21/11/11;1.00000;1550.50;1472.70
BE;14/11/11;1.00000;1505.90;1411.00
BE;07/11/11;1.00000;1505.90;1411.00
BE;31/10/11;1.00000;1534.00;1443.10
BE;24/10/11;1.00000;1534.00;1443.10
BE;17/10/11;1.00000;1589.20;1436.80
BE;10/10/11;1.00000;1513.00;1372.50
BE;03/10/11;1.00000;1567.00;1410.60
BE;26/09/11;1.00000;1564.10;1381.80
BE;19/09/11;1.00000;1616.90;1417.20
BE;12/09/11;1.00000;1566.90;1361.60
BE;05/09/11;1.00000;1551.10;1374.60
BE;29/08/11;1.00000;1538.90;1365.20
BE;22/08/11;1.00000;1534.70;1359.70
BE;08/08/11;1.00000;1590.30;1389.00
BE;01/08/11;1.00000;1643.00;1472.00
BE;25/07/11;1.00000;1587.30;1407.60
BE;18/07/11;1.00000;1574.10;1395.70
BE;11/07/11;1.00000;1529.00;1350.70
BE;04/07/11;1.00000;1490.60;1341.50
BE;27/06/11;1.00000;1556.00;1387.50
BE;20/06/11;1.00000;1546.20;1408.00
BE;13/06/11;1.00000;1566.10;1360.30
BE;06/06/11;1.00000;1566.10;1360.30
BE;30/05/11;1.00000;1527.70;1332.50
BE;23/05/11;1.00000;1569.00;1371.30
BE;16/05/11;1.00000;1586.10;1357.10
BE;09/05/11;1.00000;1626.80;1379.40
BE;02/05/11;1.00000;1606.60;1403.10
BE;18/04/11;1.00000;1624.60;1422.40
BE;11/04/11;1.00000;1578.70;1379.20
BE;04/04/11;1.00000;1557.50;1365.90
BE;28/03/11;1.00000;1514.20;1372.80
BE;21/03/11;1.00000;1524.20;1369.80
BE;14/03/11;1.00000;1605.20;1419.40
BE;07/03/11;1.00000;1515.20;1338.80
BE;28/02/11;1.00000;1516.00;1340.90
BE;21/02/11;1.00000;1488.20;1306.70
BE;14/02/11;1.00000;1498.80;1318.40
BE;07/02/11;1.00000;1494.00;1302.20
BE;31/01/11;1.00000;1470.90;1291.00
BE;24/01/11;1.00000;1479.20;1281.40
BE;17/01/11;1.00000;1519.80;1320.30
BE;10/01/11;1.00000;1492.40;1262.20
BE;03/01/11;1.00000;1482.50;1246.80
BE;20/12/10;1.00000;1460.70;1239.90
BE;13/12/10;1.00000;1463.80;1220.50
BE;06/12/10;1.00000;1432.90;1203.40
BE;29/11/10;1.00000;1403.20;1205.60
BE;22/11/10;1.00000;1386.40;1172.70
BE;15/11/10;1.00000;1398.30;1178.80
BE;08/11/10;1.00000;1398.30;1178.80
BE;25/10/10;1.00000;1420.50;1176.20
BE;18/10/10;1.00000;1405.20;1188.00
BE;11/10/10;1.00000;1391.90;1185.90
BE;04/10/10;1.00000;1378.90;1159.90
BE;27/09/10;1.00000;1379.40;1163.80
BE;20/09/10;1.00000;1415.60;1179.40
BE;13/09/10;1.00000;1388.00;1152.60
BE;06/09/10;1.00000;1383.80;1167.20
BE;30/08/10;1.00000;1399.00;1176.00
BE;23/08/10;1.00000;1397.00;1173.00
BE;16/08/10;1.00000;1409.00;1170.00
BE;09/08/10;1.00000;1415.00;1190.00
BE;02/08/10;1.00000;1408.00;1164.00
BE;26/07/10;1.00000;1383.00;1147.00
BE;19/07/10;1.00000;1449.00;1203.00
BE;12/07/10;1.00000;1449.00;1203.00
BE;05/07/10;1.00000;1421.00;1196.00
BE;28/06/10;1.00000;1428.00;1203.00
BE;21/06/10;1.00000;1453.00;1205.00
BE;14/06/10;1.00000;1442.00;1187.00
BE;07/06/10;1.00000;1449.00;1195.00
BE;31/05/10;1.00000;1411.00;1134.00
BE;24/05/10;1.00000;1463.00;1187.00
BE;17/05/10;1.00000;1463.00;1187.00
BE;10/05/10;1.00000;1472.00;1193.00
BE;03/05/10;1.00000;1472.00;1193.00
BE;26/04/10;1.00000;1412.00;1149.00
BE;19/04/10;1.00000;1459.00;1171.00
BE;12/04/10;1.00000;1477.00;1164.00
BE;29/03/10;1.00000;1413.00;1116.00
BE;22/03/10;1.00000;1400.00;1097.00
BE;15/03/10;1.00000;1417.00;1112.00
BE;08/03/10;1.00000;1345.00;1040.00
BE;01/03/10;1.00000;1366.00;1070.00
BE;22/02/10;1.00000;1347.00;1040.00
BE;15/02/10;1.00000;1297.00;995.00
BE;08/02/10;1.00000;1283.00;980.00
BE;01/02/10;1.00000;1305.00;980.00
BE;25/01/10;1.00000;1293.00;993.00
BE;18/01/10;1.00000;1325.00;1013.00
BE;11/01/10;1.00000;1334.00;1034.00
BE;04/01/10;1.00000;1273.00;985.00
BE;21/12/09;1.00000;1256.00;968.00
BE;14/12/09;1.00000;1274.00;988.00
BE;07/12/09;1.00000;1286.00;973.00
BE;30/11/09;1.00000;1290.00;971.00
BE;23/11/09;1.00000;1256.00;941.00
BE;16/11/09;1.00000;1283.00;971.00
BE;09/11/09;1.00000;1271.00;978.00
BE;02/11/09;1.00000;1259.00;964.00
BE;26/10/09;1.00000;1259.00;964.00
BE;19/10/09;1.00000;1225.00;945.00
BE;12/10/09;1.00000;1239.00;948.00
BE;05/10/09;1.00000;1254.00;960.00
BE;28/09/09;1.00000;1208.83;920.95
BE;21/09/09;1.00000;1265.25;950.75
BE;14/09/09;1.00000;1295.00;976.00
BE;07/09/09;1.00000;1318.00;984.00
BE;31/08/09;1.00000;1321.00;1008.00
BE;24/08/09;1.00000;1336.00;1011.00
BE;17/08/09;1.00000;1363.00;1023.00
BE;10/08/09;1.00000;1316.00;973.00
BE;03/08/09;1.00000;1320.00;977.00
BE;27/07/09;1.00000;1301.00;965.00
BE;20/07/09;1.00000;1218.50;922.60
BE;13/07/09;1.00000;1218.50;922.60
BE;06/07/09;1.00000;1285.00;957.00
BE;29/06/09;1.00000;1347.00;980.00
BE;22/06/09;1.00000;1347.00;980.00
BE;15/06/09;1.00000;1299.00;960.00
BE;08/06/09;1.00000;1322.00;970.00
BE;01/06/09;1.00000;1296.00;938.00
BE;25/05/09;1.00000;1296.00;938.00
BE;18/05/09;1.00000;1238.00;954.00
BE;11/05/09;1.00000;1238.00;944.00
BE;04/05/09;1.00000;1204.00;913.00
BE;27/04/09;1.00000;1215.00;927.00
BE;20/04/09;1.00000;1215.00;942.00
BE;06/04/09;1.00000;1205.00;959.00
BE;30/03/09;1.00000;1182.00;930.00
BE;23/03/09;1.00000;1172.00;922.00
BE;16/03/09;1.00000;1186.50;923.60
BE;09/03/09;1.00000;1183.30;924.20
BE;02/03/09;1.00000;1147.30;906.90
BE;23/02/09;1.00000;1160.71;930.20
BE;16/02/09;1.00000;1166.20;933.70
BE;09/02/09;1.00000;1166.12;937.53
BE;02/02/09;1.00000;1130.62;911.67
BE;26/01/09;1.00000;1127.10;894.35
BE;19/01/09;1.00000;1093.58;908.73
BE;12/01/09;1.00000;1099.92;922.63
BE;05/01/09;1.00000;1065.62;896.16
BE;15/12/08;1.00000;1155.00;965.00
BE;08/12/08;1.00000;1169.09;1011.81
BE;01/12/08;1.00000;1178.40;1023.10
BE;24/11/08;1.00000;1179.20;1045.30
BE;17/11/08;1.00000;1198.98;1052.82
BE;10/11/08;1.00000;1236.91;1082.08
BE;03/11/08;1.00000;1236.91;1082.08
BE;27/10/08;1.00000;1275.50;1105.40
BE;20/10/08;1.00000;1314.70;1156.10
BE;13/10/08;1.00000;1365.55;1207.24
BE;06/10/08;1.00000;1349.40;1205.26
BE;29/09/08;1.00000;1420.59;1210.28
BE;22/09/08;1.00000;1422.12;1203.99
BE;15/09/08;1.00000;1478.35;1219.98
BE;08/09/08;1.00000;1473.73;1239.90
BE;01/09/08;1.00000;1449.67;1219.52
BE;25/08/08;1.00000;1468.33;1255.58
BE;18/08/08;1.00000;1474.27;1247.27
BE;11/08/08;1.00000;1483.80;1275.75
BE;04/08/08;1.00000;1488.17;1317.03
BE;28/07/08;1.00000;1523.53;1356.07
BE;21/07/08;1.00000;1561.57;1392.17
BE;14/07/08;1.00000;1561.57;1392.17
BE;07/07/08;1.00000;1574.67;1390.47
BE;30/06/08;1.00000;1566.97;1379.43
BE;23/06/08;1.00000;1535.93;1347.27
BE;16/06/08;1.00000;1540.30;1379.80
BE;09/06/08;1.00000;1533.87;1370.37
BE;02/06/08;1.00000;1541.63;1389.13
BE;26/05/08;1.00000;1530.93;1361.43
BE;19/05/08;1.00000;1506.83;1330.33
BE;12/05/08;1.00000;1475.53;1267.03
BE;05/05/08;1.00000;1475.53;1267.03
BE;28/04/08;1.00000;1468.60;1249.13
BE;21/04/08;1.00000;1429.83;1214.43
BE;14/04/08;1.00000;1422.47;1201.33
BE;07/04/08;1.00000;1419.43;1186.00
BE;31/03/08;1.00000;1403.33;1177.00
BE;17/03/08;1.00000;1436.00;1217.00
BE;10/03/08;1.00000;1440.80;1192.83
BE;03/03/08;1.00000;1427.63;1154.53
BE;25/02/08;1.00000;1456.87;1157.57
BE;18/02/08;1.00000;1429.63;1127.70
BE;11/02/08;1.00000;1392.90;1096.07
BE;04/02/08;1.00000;1375.70;1083.17
BE;28/01/08;1.00000;1404.10;1082.50
BE;21/01/08;1.00000;1414.57;1095.27
BE;14/01/08;1.00000;1375.73;1079.80
BE;07/01/08;1.00000;1423.33;1111.37
BE;17/12/07;1.00000;1390.67;1082.13
BE;10/12/07;1.00000;1381.04;1090.38
BE;03/12/07;1.00000;1445.13;1213.53
BE;26/11/07;1.00000;1441.43;1209.60
BE;19/11/07;1.00000;1441.73;1203.40
BE;12/11/07;1.00000;1431.17;1174.23
BE;05/11/07;1.00000;1394.47;1104.67
BE;29/10/07;1.00000;1378.37;1100.97
BE;22/10/07;1.00000;1383.07;1110.93
BE;15/10/07;1.00000;1359.17;1071.83
BE;08/10/07;1.00000;1364.53;1072.83
BE;01/10/07;1.00000;1368.13;1088.30
BE;24/09/07;1.00000;1354.53;1080.23
BE;17/09/07;1.00000;1341.60;1073.70
BE;10/09/07;1.00000;1355.77;1048.13
BE;03/09/07;1.00000;1313.30;1014.40
BE;27/08/07;1.00000;1311.37;1017.70
BE;20/08/07;1.00000;1320.13;1026.13
BE;13/08/07;1.00000;1316.43;1026.40
BE;06/08/07;1.00000;1333.30;1039.18
BE;30/07/07;1.00000;1319.15;1016.86
BE;23/07/07;1.00000;1345.60;1036.32
BE;16/07/07;1.00000;1359.52;1036.58
BE;09/07/07;1.00000;1347.60;1022.92
BE;02/07/07;1.00000;1369.00;1040.62
BE;25/06/07;1.00000;1360.70;1032.14
BE;18/06/07;1.00000;1332.48;1013.65
BE;11/06/07;1.00000;1325.90;985.60
BE;04/06/07;1.00000;1328.00;1003.00
BE;28/05/07;1.00000;1334.50;1000.58
BE;21/05/07;1.00000;1334.50;1000.58
BE;14/05/07;1.00000;1320.48;995.25
BE;07/05/07;1.00000;1312.38;990.04
BE;30/04/07;1.00000;1316.87;994.23
BE;23/04/07;1.00000;1316.87;994.23
BE;16/04/07;1.00000;1308.63;1002.73
BE;02/04/07;1.00000;1285.90;987.23
BE;26/03/07;1.00000;1264.70;963.70
BE;19/03/07;1.00000;1279.07;965.13
BE;12/03/07;1.00000;1267.20;985.40
BE;05/03/07;1.00000;1233.60;973.17
BE;26/02/07;1.00000;1184.80;944.50
BE;19/02/07;1.00000;1194.00;937.50
BE;12/02/07;1.00000;1219.57;952.93
BE;05/02/07;1.00000;1194.10;929.83
BE;29/01/07;1.00000;1165.70;915.47
BE;22/01/07;1.00000;1191.20;918.37
BE;15/01/07;1.00000;1200.78;927.10
BE;08/01/07;1.00000;1232.10;946.27
BE;18/12/06;1.00000;1247.40;982.75
BE;11/12/06;1.00000;1239.17;978.00
BE;04/12/06;1.00000;1223.47;972.00
BE;27/11/06;1.00000;1214.43;992.00
BE;20/11/06;1.00000;1192.27;974.00
BE;13/11/06;1.00000;1148.00;945.00
BE;06/11/06;1.00000;1193.13;984.53
BE;30/10/06;1.00000;1211.40;993.57
BE;23/10/06;1.00000;1212.23;996.13
BE;16/10/06;1.00000;1185.73;983.13
BE;09/10/06;1.00000;1201.23;966.97
BE;02/10/06;1.00000;1204.67;981.90
BE;25/09/06;1.00000;1261.00;997.67
BE;18/09/06;1.00000;1274.00;991.00
BE;11/09/06;1.00000;1274.80;1024.10
BE;04/09/06;1.00000;1302.43;1047.30
BE;28/08/06;1.00000;1342.30;1061.93
BE;21/08/06;1.00000;1359.85;1035.82
BE;14/08/06;1.00000;1384.37;1036.13
BE;07/08/06;1.00000;1384.37;1036.13
BE;31/07/06;1.00000;1402.13;1052.37
BE;24/07/06;1.00000;1432.40;1081.63
BE;17/07/06;1.00000;1413.07;1066.67
BE;10/07/06;1.00000;1401.30;1051.00
BE;03/07/06;1.00000;1384.87;1054.03
BE;26/06/06;1.00000;1356.60;1028.08
BE;19/06/06;1.00000;1357.80;1042.30
BE;12/06/06;1.00000;1385.37;1074.90
BE;05/06/06;1.00000;1311.07;1040.67
BE;29/05/06;1.00000;1311.07;1040.67
BE;22/05/06;1.00000;1358.20;1063.00
BE;15/05/06;1.00000;1337.37;1056.03
BE;08/05/06;1.00000;1342.10;1038.13
BE;01/05/06;1.00000;1351.17;1063.80
BE;24/04/06;1.00000;1351.17;1063.80
BE;10/04/06;1.00000;1332.47;1060.37
BE;03/04/06;1.00000;1313.37;1051.13
BE;27/03/06;1.00000;1266.10;1013.40
BE;20/03/06;1.00000;1225.27;990.17
BE;13/03/06;1.00000;1252.93;1030.30
BE;06/03/06;1.00000;1233.80;999.70
BE;27/02/06;1.00000;1234.43;993.27
BE;20/02/06;1.00000;1249.27;1003.77
BE;13/02/06;1.00000;1265.83;1015.25
BE;06/02/06;1.00000;1262.47;1020.37
BE;30/01/06;1.00000;1284.43;1027.13
BE;23/01/06;1.00000;1299.30;1018.37
BE;16/01/06;1.00000;1304.90;1029.13
BE;09/01/06;1.00000;1271.70;1021.43
BE;19/12/05;1.00000;1255.07;994.27
BE;12/12/05;1.00000;1232.20;997.80
BE;05/12/05;1.00000;1218.60;984.43
BE;28/11/05;1.00000;1228.60;994.43
BE;21/11/05;1.00000;1221.77;992.27
BE;14/11/05;1.00000;1271.30;1036.83
BE;07/11/05;1.00000;1271.30;1054.47
BE;24/10/05;1.00000;1289.67;1081.37
BE;17/10/05;1.00000;1335.10;1116.90
BE;10/10/05;1.00000;1355.33;1112.67
BE;03/10/05;1.00000;1363.97;1100.00
BE;26/09/05;1.00000;1359.93;1085.00
BE;19/09/05;1.00000;1333.80;1049.00
BE;12/09/05;1.00000;1359.53;1075.67
BE;05/09/05;1.00000;1389.60;1108.53
BE;29/08/05;1.00000;1332.83;1085.63
BE;22/08/05;1.00000;1331.48;1076.87
BE;15/08/05;1.00000;1260.88;1018.60
BE;08/08/05;1.00000;1260.88;1018.60
BE;01/08/05;1.00000;1244.53;1010.80
BE;25/07/05;1.00000;1269.58;1034.38
BE;18/07/05;1.00000;1290.33;1047.50
BE;11/07/05;1.00000;1295.33;1072.00
BE;04/07/05;1.00000;1258.33;1039.67
BE;27/06/05;1.00000;1253.00;1047.33
BE;20/06/05;1.00000;1228.67;1022.00
BE;13/06/05;1.00000;1226.67;1022.67
BE;06/06/05;1.00000;1219.00;1016.00
BE;30/05/05;1.00000;1155.67;950.67
BE;23/05/05;1.00000;1127.00;947.00
BE;16/05/05;1.00000;1218.33;984.33
BE;09/05/05;1.00000;1218.33;984.33
BE;02/05/05;1.00000;1218.00;986.00
BE;25/04/05;1.00000;1203.67;967.00
BE;18/04/05;1.00000;1201.33;972.67
BE;11/04/05;1.00000;1204.33;986.00
BE;04/04/05;1.00000;1187.00;960.00
BE;21/03/05;1.00000;1139.67;928.00
BE;14/03/05;1.00000;1131.33;917.67
BE;07/03/05;1.00000;1116.67;898.67
BE;28/02/05;1.00000;1132.67;902.67
BE;21/02/05;1.00000;1117.67;875.00
BE;14/02/05;1.00000;1103.00;861.00
BE;07/02/05;1.00000;1115.00;863.00
BE;31/01/05;1.00000;1109.00;871.33
BE;24/01/05;1.00000;1091.00;855.00
BE;17/01/05;1.00000;1068.67;853.67
BE;10/01/05;1.00000;1010.33;853.00
BE;03/01/05;1.00000;1049.33;891.00
