Country_Code;Date;Exchange_Rate_To_Euro;Petrol;Diesel
;;;1000L;1000L
FR;15/01/24;1.00000;807.64;826.7
FR;08/01/24;1.00000;813.8;830.93
FR;01/01/24;1.00000;813.48;848.62
FR;25/12/23;1.00000;807.9;842.86
FR;18/12/23;1.00000;802.34;836.02
FR;11/12/23;1.00000;807.44;846.87
FR;04/12/23;1.00000;819.53;877.01
FR;27/11/23;1.00000;816.85;875.32
FR;20/11/23;1.00000;844.97;891.92
FR;13/11/23;1.00000;842.39;897.42
FR;06/11/23;1.00000;858.12;929.86
FR;30/10/23;1.00000;847.13;936.18
FR;23/10/23;1.00000;850.88;959.14
FR;16/10/23;1.00000;838.24;931
FR;09/10/23;1.00000;876.22;967.76
FR;02/10/23;1.00000;914.1;984.42
FR;25/09/23;1.00000;951.66;1,008.47
FR;18/09/23;1.00000;948.21;998.82
FR;11/09/23;1.00000;943.49;959.06
FR;04/09/23;1.00000;939.5;939.91
FR;28/08/23;1.00000;919.63;910.99
FR;21/08/23;1.00000;919.42;919.03
FR;14/08/23;1.00000;902.77;919.86
FR;07/08/23;1.00000;900.64;896.33
FR;31/07/23;1.00000;886.21;840.89
FR;24/07/23;1.00000;847.77;807.86
FR;17/07/23;1.00000;838.08;803.38
FR;10/07/23;1.00000;819.48;779.17
FR;03/07/23;1.00000;830.35;786.98
FR;26/06/23;1.00000;867.65;810.56
FR;19/06/23;1.00000;869.48;787.66
FR;12/06/23;1.00000;874.03;790.72
FR;05/06/23;1.00000;868.29;779.2
FR;29/05/23;1.00000;872.27;784.53
FR;22/05/23;1.00000;850.77;774.42
FR;15/05/23;1.00000;854.7;770.61
FR;08/05/23;1.00000;868.54;778.92
FR;01/05/23;1.00000;901.02;824.32
FR;24/04/23;1.00000;926.47;859.45
FR;17/04/23;1.00000;943.03;890.87
FR;10/04/23;1.00000;933.12;892.19
FR;03/04/23;1.00000;922.09;898.72
FR;27/03/23;1.00000;909.87;904.52
FR;20/03/23;1.00000;902.63;906.23
FR;13/03/23;1.00000;905.91;922.93
FR;06/03/23;1.00000;880.32;901.03
FR;27/02/23;1.00000;890;899.45
FR;20/02/23;1.00000;897.88;922.82
FR;13/02/23;1.00000;895.22;914.21
FR;06/02/23;1.00000;916.92;963.72
FR;30/01/23;1.00000;919.89;1,010.32
FR;23/01/23;1.00000;892.72;987.82
FR;16/01/23;1.00000;856.4;961.47
FR;09/01/23;1.00000;851.74;973.82
FR;02/01/23;1.00000;707.73;863.01
FR;26/12/22;1.00000;687.97;848.72
FR;19/12/22;1.00000;692.29;843.17
FR;12/12/22;1.00000;719.56;834.27
FR;05/12/22;1.00000;753.33;907.75
FR;28/11/22;1.00000;772.49;941.85
FR;21/11/22;1.00000;794.4;979.13
FR;14/11/22;1.00000;713.3;892.59
FR;07/11/22;1.00000;708.42;917.51
FR;31/10/22;1.00000;702.52;947.37
FR;24/10/22;1.00000;729.51;978.62
FR;17/10/22;1.00000;747.66;991.8
FR;10/10/22;1.00000;678.7;893.79
FR;03/10/22;1.00000;620.12;803.91
FR;26/09/22;1.00000;598.13;773.65
FR;19/09/22;1.00000;604.31;804.63
FR;12/09/22;1.00000;616.17;853.18
FR;05/09/22;1.00000;657.51;874.29
FR;29/08/22;1.00000;791.75;1,014.91
FR;22/08/22;1.00000;784.32;924.23
FR;15/08/22;1.00000;791.52;882.49
FR;08/08/22;1.00000;838.84;923.66
FR;01/08/22;1.00000;846.07;956.09
FR;25/07/22;1.00000;912;1,002.81
FR;18/07/22;1.00000;976.03;1,032.2
FR;11/07/22;1.00000;999.48;1,053.04
FR;04/07/22;1.00000;1,043.97;1,111.17
FR;27/06/22;1.00000;1,047.65;1,166.06
FR;20/06/22;1.00000;1,082.85;1,169.68
FR;13/06/22;1.00000;1,084.49;1,115.36
FR;06/06/22;1.00000;1,059.68;1,025.45
FR;30/05/22;1.00000;944.48;914.27
FR;23/05/22;1.00000;952.16;934.25
FR;16/05/22;1.00000;885.53;956.23
FR;09/05/22;1.00000;863.53;1,010.76
FR;02/05/22;1.00000;810.59;958.78
FR;25/04/22;1.00000;800.5;954.15
FR;11/04/22;1.00000;802.72;907.96
FR;04/04/22;1.00000;835.7;966.77
FR;28/03/22;1.00000;978.83;1,154.64
FR;21/03/22;1.00000;953.41;1,037.18
FR;14/03/22;1.00000;1,044.11;1,174.79
FR;07/03/22;1.00000;882.8;960.17
FR;28/02/22;1.00000;819.82;842.18
FR;21/02/22;1.00000;802.37;811.83
FR;14/02/22;1.00000;792.87;807.18
FR;07/02/22;1.00000;779.83;795.38
FR;31/01/22;1.00000;764.07;782.92
FR;24/01/22;1.00000;746.1;769.25
FR;17/01/22;1.00000;731.12;742.07
FR;10/01/22;1.00000;710.63;714.52
FR;03/01/22;1.00000;666.47;671.48
FR;20/12/21;1.00000;670.86;667.26
FR;13/12/21;1.00000;668.72;662.14
FR;06/12/21;1.00000;670.35;685.61
FR;29/11/21;1.00000;686.1;685.61
FR;22/11/21;1.00000;696.32;687.59
FR;15/11/21;1.00000;691.17;688.96
FR;08/11/21;1.00000;694.16;682
FR;01/11/21;1.00000;691.69;688.11
FR;25/10/21;1.00000;682.67;685.17
FR;18/10/21;1.00000;689.27;689.46
FR;11/10/21;1.00000;669.7;670.4
FR;04/10/21;1.00000;645.43;638.42
FR;27/09/21;1.00000;631.39;612.48
FR;20/09/21;1.00000;633.28;602.35
FR;13/09/21;1.00000;629.92;592.33
FR;06/09/21;1.00000;615.84;582.09
FR;30/08/21;1.00000;616.37;578.53
FR;23/08/21;1.00000;623.48;580.69
FR;16/08/21;1.00000;630.15;585.45
FR;09/08/21;1.00000;631.73;592.51
FR;02/08/21;1.00000;619.28;585.68
FR;26/07/21;1.00000;627.39;591.78
FR;19/07/21;1.00000;628.7;596.37
FR;12/07/21;1.00000;615.41;588.95
FR;05/07/21;1.00000;613.27;589.43
FR;28/06/21;1.00000;598.81;582.26
FR;21/06/21;1.00000;588.75;573.72
FR;14/06/21;1.00000;584.87;564.84
FR;07/06/21;1.00000;582.67;559.4
FR;31/05/21;1.00000;576.01;550.5
FR;24/05/21;1.00000;578.05;550.28
FR;17/05/21;1.00000;578.24;548.27
FR;10/05/21;1.00000;584.32;550.34
FR;03/05/21;1.00000;572.57;538.78
FR;26/04/21;1.00000;576.05;539.77
FR;19/04/21;1.00000;572.29;534.08
FR;12/04/21;1.00000;570.65;532.1
FR;29/03/21;1.00000;569.02;539.18
FR;22/03/21;1.00000;576.77;551.72
FR;15/03/21;1.00000;566.77;549.47
FR;08/03/21;1.00000;550.67;537.4
FR;01/03/21;1.00000;542.54;535.03
FR;22/02/21;1.00000;529.69;525.66
FR;15/02/21;1.00000;512.97;508.89
FR;08/02/21;1.00000;504.22;493.59
FR;01/02/21;1.00000;496.39;485.46
FR;25/01/21;1.00000;496.22;486.37
FR;18/01/21;1.00000;489.98;481.25
FR;11/01/21;1.00000;466.97;462.41
FR;21/12/20;1.00000;440.29;442.11
FR;14/12/20;1.00000;433.8;434.84
FR;07/12/20;1.00000;429.96;429.67
FR;30/11/20;1.00000;424.39;422.83
FR;23/11/20;1.00000;416.43;405.92
FR;16/11/20;1.00000;411.99;401.02
FR;09/11/20;1.00000;408.42;388.22
FR;02/11/20;1.00000;416.17;396.47
FR;26/10/20;1.00000;412.38;390.12
FR;19/10/20;1.00000;425.92;397.39
FR;12/10/20;1.00000;422.2;390.7
FR;05/10/20;1.00000;417.62;387.78
FR;28/09/20;1.00000;415.83;386.45
FR;21/09/20;1.00000;413.74;386.83
FR;14/09/20;1.00000;419.66;398.77
FR;07/09/20;1.00000;419.05;406.73
FR;31/08/20;1.00000;419.45;414.13
FR;24/08/20;1.00000;421.64;421.06
FR;17/08/20;1.00000;418.37;421.49
FR;10/08/20;1.00000;415.38;421.19
FR;03/08/20;1.00000;414.94;420.35
FR;27/07/20;1.00000;430.11;430.42
FR;20/07/20;1.00000;432.42;428.09
FR;13/07/20;1.00000;428.75;425.92
FR;06/07/20;1.00000;416.83;414.1
FR;29/06/20;1.00000;424.47;416.17
FR;22/06/20;1.00000;407.1;404.35
FR;15/06/20;1.00000;402.47;398.52
FR;08/06/20;1.00000;382.56;383.42
FR;01/06/20;1.00000;377.57;378.72
FR;25/05/20;1.00000;365.67;371.61
FR;18/05/20;1.00000;345.53;355.74
FR;11/05/20;1.00000;333.92;358.22
FR;04/05/20;1.00000;333.38;362.82
FR;27/04/20;1.00000;346.31;385.97
FR;20/04/20;1.00000;360.48;401.94
FR;06/04/20;1.00000;382.1;416.77
FR;30/03/20;1.00000;396.02;423.4
FR;23/03/20;1.00000;420.22;438.32
FR;16/03/20;1.00000;479.06;475.25
FR;09/03/20;1.00000;524.48;525.33
FR;02/03/20;1.00000;549.12;550.52
FR;24/02/20;1.00000;549.49;557.55
FR;17/02/20;1.00000;554.32;557.48
FR;10/02/20;1.00000;557.76;559.89
FR;03/02/20;1.00000;572.05;586.17
FR;27/01/20;1.00000;587.28;610.47
FR;20/01/20;1.00000;592.14;623.49
FR;13/01/20;1.00000;598.97;633.27
FR;06/01/20;1.00000;589.11;627.67
FR;16/12/19;1.00000;576.11;604.56
FR;09/12/19;1.00000;575.13;600.78
FR;02/12/19;1.00000;573.57;594
FR;25/11/19;1.00000;566.82;589.32
FR;18/11/19;1.00000;568.52;591.99
FR;11/11/19;1.00000;568.21;592
FR;04/11/19;1.00000;558.18;593.48
FR;28/10/19;1.00000;552.24;589.93
FR;21/10/19;1.00000;556.39;591.1
FR;14/10/19;1.00000;563.46;591.23
FR;07/10/19;1.00000;563.16;595.88
FR;30/09/19;1.00000;567.46;603.2
FR;23/09/19;1.00000;567.52;603.87
FR;16/09/19;1.00000;550.01;582.36
FR;09/09/19;1.00000;539.51;566.11
FR;02/09/19;1.00000;551.62;567.55
FR;26/08/19;1.00000;552.19;566.12
FR;19/08/19;1.00000;553.22;562.81
FR;12/08/19;1.00000;564.68;570.49
FR;05/08/19;1.00000;574.85;581.95
FR;29/07/19;1.00000;574.03;578.27
FR;22/07/19;1.00000;584.53;583.02
FR;15/07/19;1.00000;576.03;576.47
FR;08/07/19;1.00000;551.95;560.38
FR;01/07/19;1.00000;566.78;572.56
FR;24/06/19;1.00000;565.49;564.75
FR;17/06/19;1.00000;571.59;567.96
FR;10/06/19;1.00000;594.59;587.26
FR;03/06/19;1.00000;628.88;618.12
FR;27/05/19;1.00000;637.4;632.4
FR;20/05/19;1.00000;625.05;625.53
FR;13/05/19;1.00000;626.33;624.99
FR;06/05/19;1.00000;625.64;622.41
FR;29/04/19;1.00000;625.65;625.77
FR;15/04/19;1.00000;613.23;615.47
FR;08/04/19;1.00000;596.77;608.57
FR;01/04/19;1.00000;579.24;605.15
FR;25/03/19;1.00000;555.13;607.02
FR;18/03/19;1.00000;546.26;609.88
FR;11/03/19;1.00000;537.57;609.23
FR;04/03/19;1.00000;533.71;607.28
FR;25/02/19;1.00000;524.32;599.52
FR;18/02/19;1.00000;509.77;583.76
FR;11/02/19;1.00000;504.03;575.17
FR;04/02/19;1.00000;504.23;575.34
FR;28/01/19;1.00000;504.9;572.69
FR;21/01/19;1.00000;501.83;564.22
FR;14/01/19;1.00000;492.78;550.66
FR;07/01/19;1.00000;481.42;537.59
FR;17/12/18;1.00000;501.86;577.75
FR;10/12/18;1.00000;504.57;583.12
FR;03/12/18;1.00000;500.66;581.06
FR;26/11/18;1.00000;519.24;603.28
FR;19/11/18;1.00000;524.59;611.75
FR;12/11/18;1.00000;539.02;627.13
FR;05/11/18;1.00000;588.04;652.97
FR;29/10/18;1.00000;589.71;649.55
FR;22/10/18;1.00000;604.83;659.29
FR;15/10/18;1.00000;619.87;668.07
FR;08/10/18;1.00000;619.67;658.6
FR;01/10/18;1.00000;601.97;626.73
FR;24/09/18;1.00000;602.26;620.82
FR;17/09/18;1.00000;607.27;622.61
FR;10/09/18;1.00000;610.46;621.19
FR;03/09/18;1.00000;595.29;605.84
FR;27/08/18;1.00000;597.65;600.7
FR;20/08/18;1.00000;596.06;600.26
FR;13/08/18;1.00000;597.73;596.94
FR;06/08/18;1.00000;595.92;594.97
FR;30/07/18;1.00000;579.04;585.68
FR;23/07/18;1.00000;585.63;592.54
FR;16/07/18;1.00000;593.78;602.98
FR;09/07/18;1.00000;584.86;597.9
FR;02/07/18;1.00000;587.02;599.63
FR;25/06/18;1.00000;591.18;605.07
FR;18/06/18;1.00000;597.62;611.2
FR;11/06/18;1.00000;599.35;613.08
FR;04/06/18;1.00000;609.19;623.09
FR;28/05/18;1.00000;611.67;625.23
FR;21/05/18;1.00000;594.71;608.06
FR;14/05/18;1.00000;575.35;589.44
FR;07/05/18;1.00000;561.92;577.12
FR;30/04/18;1.00000;559.03;572.2
FR;23/04/18;1.00000;551.04;562.09
FR;16/04/18;1.00000;545.65;554.27
FR;09/04/18;1.00000;542.56;547.47
FR;26/03/18;1.00000;529.7;537.17
FR;19/03/18;1.00000;514.32;525.79
FR;12/03/18;1.00000;519.78;528.87
FR;05/03/18;1.00000;522.78;534.87
FR;26/02/18;1.00000;520.3;526.02
FR;19/02/18;1.00000;525.78;529.39
FR;12/02/18;1.00000;539.28;547.57
FR;05/02/18;1.00000;541.02;552.57
FR;29/01/18;1.00000;539.93;552.9
FR;22/01/18;1.00000;538.82;555.62
FR;15/01/18;1.00000;537.84;555.48
FR;08/01/18;1.00000;532.12;551.75
FR;01/01/18;1.00000;513.88;525.48
FR;18/12/17;1.00000;509.93;518.73
FR;11/12/17;1.00000;508.62;513.04
FR;04/12/17;1.00000;513.55;517.49
FR;27/11/17;1.00000;514.27;517.32
FR;20/11/17;1.00000;520.68;518.4
FR;13/11/17;1.00000;516.49;514.72
FR;06/11/17;1.00000;487.25;500.86
FR;30/10/17;1.00000;473.88;487.76
FR;23/10/17;1.00000;459.57;482.33
FR;16/10/17;1.00000;472.82;486.06
FR;09/10/17;1.00000;476.05;491.88
FR;02/10/17;1.00000;484.5;495.07
FR;25/09/17;1.00000;482.83;479.13
FR;18/09/17;1.00000;486.07;470.29
FR;11/09/17;1.00000;485.49;466.12
FR;04/09/17;1.00000;456.28;444.36
FR;28/08/17;1.00000;457.22;448.13
FR;21/08/17;1.00000;457.67;451.25
FR;14/08/17;1.00000;456.12;452.8
FR;07/08/17;1.00000;454.46;452.59
FR;31/07/17;1.00000;438.85;431.53
FR;24/07/17;1.00000;447.49;437.3
FR;17/07/17;1.00000;442.72;431.26
FR;10/07/17;1.00000;436.77;428.57
FR;03/07/17;1.00000;442.23;420.27
FR;26/06/17;1.00000;447.68;423.44
FR;19/06/17;1.00000;460.23;432.83
FR;12/06/17;1.00000;471.42;446.32
FR;05/06/17;1.00000;480.87;461.27
FR;29/05/17;1.00000;482.41;463.71
FR;22/05/17;1.00000;481.73;459.32
FR;15/05/17;1.00000;479.78;456.76
FR;08/05/17;1.00000;485.92;466.4
FR;01/05/17;1.00000;505.67;484.82
FR;24/04/17;1.00000;516.12;498.92
FR;10/04/17;1.00000;503.52;484.24
FR;03/04/17;1.00000;486.08;470.62
FR;27/03/17;1.00000;484;474.47
FR;20/03/17;1.00000;491.61;485.64
FR;13/03/17;1.00000;508.48;503.12
FR;06/03/17;1.00000;518.23;509.11
FR;27/02/17;1.00000;521.42;510.13
FR;20/02/17;1.00000;523.69;509.26
FR;13/02/17;1.00000;518.36;507.21
FR;06/02/17;1.00000;517.77;505.34
FR;30/01/17;1.00000;517.92;504.83
FR;23/01/17;1.00000;517.28;505.96
FR;16/01/17;1.00000;515.85;509.62
FR;09/01/17;1.00000;518.01;514.42
FR;02/01/17;1.00000;513.24;507.93
FR;19/12/16;1.00000;489.58;488.62
FR;12/12/16;1.00000;479.72;474.78
FR;05/12/16;1.00000;457.42;454.75
FR;28/11/16;1.00000;452.98;450.9
FR;21/11/16;1.00000;443.65;435.55
FR;14/11/16;1.00000;448.07;435.57
FR;07/11/16;1.00000;461.73;453.72
FR;31/10/16;1.00000;468.5;462.93
FR;24/10/16;1.00000;467.59;460.5
FR;17/10/16;1.00000;465.19;456.61
FR;10/10/16;1.00000;453.02;439.66
FR;03/10/16;1.00000;435.33;418.09
FR;26/09/16;1.00000;430.17;411.96
FR;19/09/16;1.00000;435.06;415.52
FR;12/09/16;1.00000;428.04;414.62
FR;05/09/16;1.00000;424.44;417.3
FR;29/08/16;1.00000;432.61;425.52
FR;22/08/16;1.00000;423.31;414.46
FR;15/08/16;1.00000;414.48;396.65
FR;08/08/16;1.00000;409.4;389.48
FR;01/08/16;1.00000;411.89;401.94
FR;25/07/16;1.00000;430.65;417.69
FR;18/07/16;1.00000;434.24;425.01
FR;11/07/16;1.00000;439.74;428.99
FR;04/07/16;1.00000;464.05;439.97
FR;27/06/16;1.00000;469.12;442.11
FR;20/06/16;1.00000;473.48;448.41
FR;13/06/16;1.00000;482.52;456.87
FR;06/06/16;1.00000;494.62;468.25
FR;30/05/16;1.00000;491.98;467.77
FR;23/05/16;1.00000;462.29;428.79
FR;16/05/16;1.00000;443.26;401.07
FR;09/05/16;1.00000;447.23;401.47
FR;02/05/16;1.00000;450.38;396.77
FR;25/04/16;1.00000;442.26;382.31
FR;18/04/16;1.00000;439.26;372.57
FR;11/04/16;1.00000;428.78;359.14
FR;04/04/16;1.00000;432.55;376.72
FR;21/03/16;1.00000;411.11;378.92
FR;14/03/16;1.00000;401.8;376.65
FR;07/03/16;1.00000;378.39;352.13
FR;29/02/16;1.00000;374.54;340.12
FR;22/02/16;1.00000;380.38;336.15
FR;15/02/16;1.00000;385.68;331.47
FR;08/02/16;1.00000;403.36;337.06
FR;01/02/16;1.00000;403.14;324.46
FR;25/01/16;1.00000;399.82;322.47
FR;18/01/16;1.00000;411.76;343.04
FR;11/01/16;1.00000;422.52;360.53
FR;04/01/16;1.00000;404.15;340.57
FR;14/12/15;1.00000;426.75;392.38
FR;07/12/15;1.00000;444.48;421.1
FR;30/11/15;1.00000;442.98;429.87
FR;23/11/15;1.00000;442.13;431.79
FR;16/11/15;1.00000;453.1;443.03
FR;09/11/15;1.00000;446.77;439.74
FR;02/11/15;1.00000;435.49;428.21
FR;26/10/15;1.00000;436.69;427.94
FR;19/10/15;1.00000;446.69;440.33
FR;12/10/15;1.00000;449.54;447.15
FR;05/10/15;1.00000;447.97;440.57
FR;28/09/15;1.00000;450.33;439.63
FR;21/09/15;1.00000;454.14;440.54
FR;14/09/15;1.00000;461.53;448.35
FR;07/09/15;1.00000;447.76;432.11
FR;31/08/15;1.00000;467.28;424.98
FR;24/08/15;1.00000;506.12;451.27
FR;17/08/15;1.00000;523.67;458.88
FR;10/08/15;1.00000;537;467.22
FR;03/08/15;1.00000;531.33;470.88
FR;27/07/15;1.00000;560.98;492.48
FR;20/07/15;1.00000;572.06;498.9
FR;13/07/15;1.00000;572.49;507.34
FR;06/07/15;1.00000;553.16;512.87
FR;29/06/15;1.00000;570.25;523.05
FR;22/06/15;1.00000;578.09;528.18
FR;15/06/15;1.00000;570.5;531.54
FR;08/06/15;1.00000;569.81;543.35
FR;01/06/15;1.00000;568.25;547.01
FR;25/05/15;1.00000;563.17;545.72
FR;18/05/15;1.00000;564.08;547.72
FR;11/05/15;1.00000;570.29;551.8
FR;04/05/15;1.00000;566.76;546.22
FR;27/04/15;1.00000;558.13;539.91
FR;20/04/15;1.00000;544.22;529.42
FR;13/04/15;1.00000;530.67;507.78
FR;30/03/15;1.00000;530.87;511.12
FR;23/03/15;1.00000;530.21;520.12
FR;16/03/15;1.00000;532.02;535.2
FR;09/03/15;1.00000;518.35;533.83
FR;02/03/15;1.00000;502.17;527.28
FR;23/02/15;1.00000;497.34;522.97
FR;16/02/15;1.00000;486.14;503.9
FR;09/02/15;1.00000;462.36;477.96
FR;02/02/15;1.00000;433.61;449.63
FR;26/01/15;1.00000;425.88;440
FR;19/01/15;1.00000;425.75;439.47
FR;12/01/15;1.00000;438.42;458.3
FR;05/01/15;1.00000;442.83;454.47
FR;15/12/14;1.00000;502.37;517.18
FR;08/12/14;1.00000;531.12;541.77
FR;01/12/14;1.00000;558.95;570.43
FR;24/11/14;1.00000;565.2;578.85
FR;17/11/14;1.00000;577.53;597.6
FR;10/11/14;1.00000;575.62;594.52
FR;03/11/14;1.00000;573.7;589.68
FR;27/10/14;1.00000;578.37;590.52
FR;20/10/14;1.00000;603.03;604.52
FR;13/10/14;1.00000;627.28;623.77
FR;06/10/14;1.00000;629.78;632.93
FR;29/09/14;1.00000;627.95;631.43
FR;22/09/14;1.00000;632.95;637.1
FR;15/09/14;1.00000;636.7;641.93
FR;08/09/14;1.00000;620.7;632.52
FR;01/09/14;1.00000;636.12;641.6
FR;25/08/14;1.00000;632.28;639.6
FR;18/08/14;1.00000;635.89;644.53
FR;11/08/14;1.00000;639.17;644.31
FR;04/08/14;1.00000;635.79;638.52
FR;28/07/14;1.00000;654.98;642.61
FR;21/07/14;1.00000;662.83;641.98
FR;14/07/14;1.00000;658.87;640.43
FR;07/07/14;1.00000;673.12;656.82
FR;30/06/14;1.00000;677.45;663.68
FR;23/06/14;1.00000;669.77;656.93
FR;16/06/14;1.00000;655.83;641.08
FR;09/06/14;1.00000;655.51;640.83
FR;02/06/14;1.00000;657.27;649.59
FR;26/05/14;1.00000;652.64;649.86
FR;19/05/14;1.00000;648.83;646.1
FR;12/05/14;1.00000;651.22;643.73
FR;05/05/14;1.00000;659.91;652.27
FR;28/04/14;1.00000;656.24;652.82
FR;14/04/14;1.00000;647.2;647.58
FR;07/04/14;1.00000;645.37;648.41
FR;31/03/14;1.00000;640.45;646.35
FR;24/03/14;1.00000;635.19;642.74
FR;17/03/14;1.00000;640.45;653.22
FR;10/03/14;1.00000;646.88;664.55
FR;03/03/14;1.00000;650.67;668.81
FR;24/02/14;1.00000;646.98;668.11
FR;17/02/14;1.00000;643.6;666.96
FR;10/02/14;1.00000;636.45;664.6
FR;03/02/14;1.00000;635.02;664.1
FR;27/01/14;1.00000;632.53;662.27
FR;20/01/14;1.00000;632.37;661.43
FR;13/01/14;1.00000;637.5;669.18
FR;06/01/14;1.00000;644;676.35
FR;16/12/13;1.00000;637.75;671.89
FR;09/12/13;1.00000;642.6;678.33
FR;02/12/13;1.00000;640.59;674.9
FR;25/11/13;1.00000;631.9;661.19
FR;18/11/13;1.00000;620.69;656.5
FR;11/11/13;1.00000;614.17;658.68
FR;04/11/13;1.00000;614.67;656.92
FR;28/10/13;1.00000;628.39;667.04
FR;21/10/13;1.00000;631.73;675.23
FR;14/10/13;1.00000;627.97;671.55
FR;07/10/13;1.00000;633.4;672.39
FR;30/09/13;1.00000;642.77;682.26
FR;23/09/13;1.00000;657.23;699.81
FR;16/09/13;1.00000;676.55;711.19
FR;09/09/13;1.00000;687.92;711.1
FR;02/09/13;1.00000;693.1;706.59
FR;26/08/13;1.00000;681.81;693.71
FR;19/08/13;1.00000;673.04;685.27
FR;12/08/13;1.00000;678.72;687.02
FR;05/08/13;1.00000;679.81;683.59
FR;29/07/13;1.00000;667.77;676.32
FR;22/07/13;1.00000;691.1;692.62
FR;15/07/13;1.00000;672.03;685.93
FR;08/07/13;1.00000;662.42;675.4
FR;01/07/13;1.00000;662.75;666.45
FR;24/06/13;1.00000;669.27;671.39
FR;17/06/13;1.00000;667.93;664.2
FR;10/06/13;1.00000;674.96;668.38
FR;03/06/13;1.00000;676.05;676.57
FR;27/05/13;1.00000;675.29;678.91
FR;20/05/13;1.00000;664.34;669.88
FR;13/05/13;1.00000;654.39;664.53
FR;06/05/13;1.00000;654.14;661.19
FR;29/04/13;1.00000;660.91;662.11
FR;22/04/13;1.00000;662.58;665.03
FR;15/04/13;1.00000;693.19;697.14
FR;08/04/13;1.00000;722.62;720.3
FR;01/04/13;1.00000;724.79;713.44
FR;25/03/13;1.00000;714.09;714.61
FR;18/03/13;1.00000;708.57;720.47
FR;11/03/13;1.00000;722.37;726.82
FR;04/03/13;1.00000;738.84;737.69
FR;25/02/13;1.00000;743.27;745.05
FR;18/02/13;1.00000;735.83;743.79
FR;11/02/13;1.00000;723.7;731.5
FR;04/02/13;1.00000;714.17;723.48
FR;28/01/13;1.00000;701.21;721.55
FR;21/01/13;1.00000;688.42;716.35
FR;14/01/13;1.00000;687.25;714.85
FR;07/01/13;1.00000;671.75;710.05
FR;17/12/12;1.00000;658.27;705.02
FR;10/12/12;1.00000;654.66;718.29
FR;03/12/12;1.00000;660.81;732.06
FR;26/11/12;1.00000;672.1;737.32
FR;19/11/12;1.00000;669.84;730.63
FR;12/11/12;1.00000;659.56;732.47
FR;05/11/12;1.00000;658.97;737.99
FR;29/10/12;1.00000;673.6;742.34
FR;22/10/12;1.00000;706.88;757.64
FR;15/10/12;1.00000;738.32;763.74
FR;08/10/12;1.00000;719.92;751.04
FR;01/10/12;1.00000;704.62;736.65
FR;24/09/12;1.00000;698.44;735.4
FR;17/09/12;1.00000;746.01;760.73
FR;10/09/12;1.00000;749.94;764.08
FR;03/09/12;1.00000;743.67;758.81
FR;27/08/12;1.00000;765.59;780.57
FR;20/08/12;1.00000;754.47;772.04
FR;13/08/12;1.00000;725.88;751.64
FR;06/08/12;1.00000;703.55;736.09
FR;30/07/12;1.00000;687.67;727.89
FR;23/07/12;1.00000;697.87;731.07
FR;16/07/12;1.00000;684.49;706.74
FR;09/07/12;1.00000;662.83;685
FR;02/07/12;1.00000;643.85;661.42
FR;25/06/12;1.00000;650.29;671.29
FR;18/06/12;1.00000;658.82;679.31
FR;11/06/12;1.00000;677.97;688.43
FR;04/06/12;1.00000;697.53;712.51
FR;28/05/12;1.00000;694.36;712.26
FR;21/05/12;1.00000;699.54;724.8
FR;14/05/12;1.00000;709.82;732.99
FR;07/05/12;1.00000;734.44;752.16
FR;30/04/12;1.00000;748.87;753.14
FR;23/04/12;1.00000;767.68;755.73
FR;16/04/12;1.00000;780.81;761.34
FR;02/04/12;1.00000;770.94;766.94
FR;26/03/12;1.00000;767.6;777.89
FR;19/03/12;1.00000;763;779.9
FR;12/03/12;1.00000;742.93;762.67
FR;05/03/12;1.00000;732.68;757.3
FR;27/02/12;1.00000;733.15;765.18
FR;20/02/12;1.00000;708.82;749.71
FR;13/02/12;1.00000;707.48;746.12
FR;06/02/12;1.00000;695.19;727.72
FR;30/01/12;1.00000;685.83;728.23
FR;23/01/12;1.00000;688.09;746.29
FR;16/01/12;1.00000;690.25;753.54
FR;09/01/12;1.00000;673.45;732.05
FR;19/12/11;1.00000;635.74;706.96
FR;12/12/11;1.00000;629.13;711.9
FR;05/12/11;1.00000;627.04;715.91
FR;28/11/11;1.00000;621.11;713.4
FR;21/11/11;1.00000;634.57;729.29
FR;14/11/11;1.00000;641.42;714.24
FR;07/11/11;1.00000;635.91;704.54
FR;31/10/11;1.00000;639.33;700.78
FR;24/10/11;1.00000;641.59;699.02
FR;17/10/11;1.00000;645.19;683.05
FR;10/10/11;1.00000;630.72;674.44
FR;03/10/11;1.00000;638.75;677.11
FR;26/09/11;1.00000;656.14;683.72
FR;19/09/11;1.00000;663.33;682.63
FR;12/09/11;1.00000;667.85;676.19
FR;05/09/11;1.00000;650.54;666.33
FR;29/08/11;1.00000;630.47;651.36
FR;22/08/11;1.00000;630.3;652.11
FR;08/08/11;1.00000;661.24;679.71
FR;01/08/11;1.00000;659.82;680.96
FR;25/07/11;1.00000;669.1;689.57
FR;18/07/11;1.00000;658.15;679.71
FR;11/07/11;1.00000;630.14;654.96
FR;04/07/11;1.00000;612.08;637.65
FR;27/06/11;1.00000;628.21;657.21
FR;20/06/11;1.00000;645.69;677.87
FR;13/06/11;1.00000;642.76;665.24
FR;06/06/11;1.00000;656.89;663.07
FR;30/05/11;1.00000;656.06;662.06
FR;23/05/11;1.00000;655.89;657.13
FR;16/05/11;1.00000;676.79;664.99
FR;09/05/11;1.00000;684.32;687.73
FR;02/05/11;1.00000;682.39;699.69
FR;18/04/11;1.00000;675.2;709.97
FR;11/04/11;1.00000;668.6;708.22
FR;04/04/11;1.00000;681.06;700.78
FR;28/03/11;1.00000;644.77;700.53
FR;21/03/11;1.00000;640.59;699.52
FR;14/03/11;1.00000;658.15;708.55
FR;07/03/11;1.00000;648.78;692.75
FR;28/02/11;1.00000;636.07;673.85
FR;21/02/11;1.00000;613.41;657.3
FR;14/02/11;1.00000;607.56;649.77
FR;07/02/11;1.00000;608.31;643.42
FR;31/01/11;1.00000;605.56;632.05
FR;24/01/11;1.00000;613.75;638.74
FR;17/01/11;1.00000;615.42;636.9
FR;10/01/11;1.00000;595.69;617.08
FR;03/01/11;1.00000;587.24;605.88
FR;20/12/10;1.00000;574.57;591.58
FR;13/12/10;1.00000;572.4;592.42
FR;06/12/10;1.00000;559.94;577.37
FR;29/11/10;1.00000;535.44;558.97
FR;22/11/10;1.00000;532.35;559.22
FR;15/11/10;1.00000;526.58;556.46
FR;08/11/10;1.00000;527.33;553.87
FR;25/10/10;1.00000;530.17;556.21
FR;18/10/10;1.00000;526.24;549.69
FR;11/10/10;1.00000;511.27;543
FR;04/10/10;1.00000;493.05;524.86
FR;27/09/10;1.00000;500.66;529.79
FR;20/09/10;1.00000;514.62;537.23
FR;13/09/10;1.00000;503.58;528.29
FR;06/09/10;1.00000;495.22;523.61
FR;30/08/10;1.00000;491.29;516.41
FR;23/08/10;1.00000;500.57;522.69
FR;16/08/10;1.00000;511.27;529.46
FR;09/08/10;1.00000;511.02;534.06
FR;02/08/10;1.00000;486.94;509.39
FR;26/07/10;1.00000;503.58;518.09
FR;19/07/10;1.00000;504.84;522.43
FR;12/07/10;1.00000;508.1;521.18
FR;05/07/10;1.00000;528.33;543.5
FR;28/06/10;1.00000;536.11;557.47
FR;21/06/10;1.00000;533.18;550.86
FR;14/06/10;1.00000;523.06;541.83
FR;07/06/10;1.00000;519.39;535.9
FR;31/05/10;1.00000;519.89;529.12
FR;24/05/10;1.00000;537.95;544.84
FR;17/05/10;1.00000;541.79;552.7
FR;10/05/10;1.00000;546.56;561.06
FR;03/05/10;1.00000;544.64;551.36
FR;26/04/10;1.00000;541.79;542
FR;19/04/10;1.00000;539.28;540.16
FR;12/04/10;1.00000;550.91;543.76
FR;29/03/10;1.00000;528.83;512.57
FR;22/03/10;1.00000;531.59;511.31
FR;15/03/10;1.00000;525.32;507.8
FR;08/03/10;1.00000;512.78;501.28
FR;01/03/10;1.00000;509.52;501.53
FR;22/02/10;1.00000;483.52;475.19
FR;15/02/10;1.00000;477.91;464.16
FR;08/02/10;1.00000;484.1;469.09
FR;01/02/10;1.00000;475.41;462.32
FR;25/01/10;1.00000;478.33;469.34
FR;18/01/10;1.00000;486.78;481.05
FR;11/01/10;1.00000;483.6;482.38
FR;04/01/10;1.00000;441.37;458.22
FR;21/12/09;1.00000;437.36;439.66
FR;14/12/09;1.00000;444.97;442.75
FR;07/12/09;1.00000;448.65;443.59
FR;30/11/09;1.00000;444.97;442.25
FR;23/11/09;1.00000;452.66;448.77
FR;16/11/09;1.00000;451.33;450.44
FR;09/11/09;1.00000;457.43;454.63
FR;02/11/09;1.00000;451.24;454.29
FR;26/10/09;1.00000;444.8;452.03
FR;19/10/09;1.00000;421.56;430.71
FR;12/10/09;1.00000;412.36;417.58
FR;05/10/09;1.00000;405.51;409.89
FR;28/09/09;1.00000;421.39;415.08
FR;21/09/09;1.00000;421.73;415.08
FR;14/09/09;1.00000;431.76;420.68
FR;07/09/09;1.00000;443.13;432.89
FR;31/08/09;1.00000;451.16;440.49
FR;24/08/09;1.00000;458.18;443.34
FR;17/08/09;1.00000;462.19;447.02
FR;10/08/09;1.00000;461.86;439.16
FR;03/08/09;1.00000;429.67;416.25
FR;27/07/09;1.00000;422.98;410.81
FR;20/07/09;1.00000;415.71;395.68
FR;13/07/09;1.00000;418.97;404.12
FR;06/07/09;1.00000;440.2;425.61
FR;29/06/09;1.00000;451.24;431.63
FR;22/06/09;1.00000;473.4;439.91
FR;15/06/09;1.00000;457.85;429.79
FR;08/06/09;1.00000;441.54;411.82
FR;01/06/09;1.00000;426.66;386.9
FR;25/05/09;1.00000;424.4;386.48
FR;18/05/09;1.00000;404.17;390.58
FR;11/05/09;1.00000;388.11;379.21
FR;04/05/09;1.00000;370.81;372.94
FR;27/04/09;1.00000;378.25;383.47
FR;20/04/09;1.00000;375.74;386.56
FR;06/04/09;1.00000;363.62;381.97
FR;30/03/09;1.00000;364.62;383.64
FR;23/03/09;1.00000;341.12;355.71
FR;16/03/09;1.00000;338.45;352.12
FR;09/03/09;1.00000;345.22;359.22
FR;02/03/09;1.00000;335.69;358.47
FR;23/02/09;1.00000;345.72;367.08
FR;16/02/09;1.00000;351.43;389.49
FR;09/02/09;1.00000;344.9;393.5
FR;02/02/09;1.00000;335.79;395.34
FR;26/01/09;1.00000;329.69;397.94
FR;19/01/09;1.00000;322.66;404.54
FR;12/01/09;1.00000;317.23;409.64
FR;05/01/09;1.00000;266.31;363.07
FR;15/12/08;1.00000;299.84;405.54
FR;08/12/08;1.00000;322.02;436.23
FR;01/12/08;1.00000;330.61;461.65
FR;24/11/08;1.00000;348.58;488.4
FR;17/11/08;1.00000;376.17;517.25
FR;10/11/08;1.00000;398.86;533.71
FR;03/11/08;1.00000;422.77;534.73
FR;27/10/08;1.00000;432.76;546.21
FR;20/10/08;1.00000;461.51;564.76
FR;13/10/08;1.00000;516.34;616.95
FR;06/10/08;1.00000;549.5;655.21
FR;29/09/08;1.00000;554.5;656.63
FR;22/09/08;1.00000;557.19;643.87
FR;15/09/08;1.00000;586.76;664.75
FR;08/09/08;1.00000;585.8;679.51
FR;01/09/08;1.00000;594.94;689.24
FR;25/08/08;1.00000;582.01;679.85
FR;18/08/08;1.00000;578.52;677.44
FR;11/08/08;1.00000;579.77;691.19
FR;04/08/08;1.00000;580.7;719.74
FR;28/07/08;1.00000;600.2;743.11
FR;21/07/08;1.00000;629.93;774.37
FR;14/07/08;1.00000;636.52;776.15
FR;07/07/08;1.00000;639.86;773.3
FR;30/06/08;1.00000;640.5;770.02
FR;23/06/08;1.00000;645.68;780.41
FR;16/06/08;1.00000;642.66;786.58
FR;09/06/08;1.00000;624.07;759.7
FR;02/06/08;1.00000;627.62;787.94
FR;26/05/08;1.00000;619.56;774.44
FR;19/05/08;1.00000;602.41;751.41
FR;12/05/08;1.00000;577.44;699.17
FR;05/05/08;1.00000;571.25;687.8
FR;28/04/08;1.00000;565.86;672.59
FR;21/04/08;1.00000;550.19;661.11
FR;14/04/08;1.00000;548.08;648.28
FR;07/04/08;1.00000;540.18;623.52
FR;31/03/08;1.00000;535.67;624.49
FR;17/03/08;1.00000;538.51;642.21
FR;10/03/08;1.00000;537.44;622.27
FR;03/03/08;1.00000;543.29;608.78
FR;25/02/08;1.00000;547.3;606.19
FR;18/02/08;1.00000;527.27;586.24
FR;11/02/08;1.00000;500;555.72
FR;04/02/08;1.00000;506.7;556.75
FR;28/01/08;1.00000;502.4;551.86
FR;21/01/08;1.00000;516.8;566.95
FR;14/01/08;1.00000;543.17;589.89
FR;07/01/08;1.00000;543.24;596.44
FR;17/12/07;1.00000;503.38;574.19
FR;10/12/07;1.00000;500.37;578.66
FR;03/12/07;1.00000;516.13;600.29
FR;26/11/07;1.00000;521.26;600.75
FR;19/11/07;1.00000;521.78;586.54
FR;12/11/07;1.00000;522.25;584.21
FR;05/11/07;1.00000;497.43;549.21
FR;29/10/07;1.00000;480.09;531.8
FR;22/10/07;1.00000;473.58;523.11
FR;15/10/07;1.00000;459.35;506.43
FR;08/10/07;1.00000;457.95;506.11
FR;01/10/07;1.00000;465.52;510.97
FR;24/09/07;1.00000;471.3;512.69
FR;17/09/07;1.00000;465.05;505.17
FR;10/09/07;1.00000;473.87;495.53
FR;03/09/07;1.00000;462.06;485.42
FR;27/08/07;1.00000;456.45;485.63
FR;20/08/07;1.00000;462.07;487.24
FR;13/08/07;1.00000;460.09;486.48
FR;06/08/07;1.00000;469.73;493.98
FR;30/07/07;1.00000;474.31;490.62
FR;23/07/07;1.00000;491.08;491.75
FR;16/07/07;1.00000;506.12;493.48
FR;09/07/07;1.00000;495.47;483.85
FR;02/07/07;1.00000;497.81;485.49
FR;25/06/07;1.00000;497.46;482.22
FR;18/06/07;1.00000;493.96;479.15
FR;11/06/07;1.00000;496.99;478.14
FR;04/06/07;1.00000;502.56;473.19
FR;28/05/07;1.00000;506.87;473.29
FR;21/05/07;1.00000;499.04;465.15
FR;14/05/07;1.00000;493.14;462.14
FR;07/05/07;1.00000;498.34;466.16
FR;30/04/07;1.00000;483.93;464.77
FR;23/04/07;1.00000;466.64;464.8
FR;16/04/07;1.00000;467.27;466.79
FR;02/04/07;1.00000;447.15;454.83
FR;26/03/07;1.00000;425.23;437.87
FR;19/03/07;1.00000;429.09;440.44
FR;12/03/07;1.00000;433.26;451.87
FR;05/03/07;1.00000;421.05;441.89
FR;26/02/07;1.00000;389.77;428.03
FR;19/02/07;1.00000;384.8;428.36
FR;12/02/07;1.00000;386.35;430.97
FR;05/02/07;1.00000;374.8;421.08
FR;29/01/07;1.00000;362.9;412.62
FR;22/01/07;1.00000;358.86;410.2
FR;15/01/07;1.00000;374.96;419.32
FR;08/01/07;1.00000;390.01;431.5
FR;18/12/06;1.00000;384.08;441.92
FR;11/12/06;1.00000;386.96;447.11
FR;04/12/06;1.00000;381.16;444.26
FR;27/11/06;1.00000;379.02;444.66
FR;20/11/06;1.00000;378.95;445.27
FR;13/11/06;1.00000;376.42;445.06
FR;06/11/06;1.00000;374.64;442.64
FR;30/10/06;1.00000;375.11;449.14
FR;23/10/06;1.00000;379.77;457.53
FR;16/10/06;1.00000;378.7;450.32
FR;09/10/06;1.00000;382.13;450.21
FR;02/10/06;1.00000;386.59;450.02
FR;25/09/06;1.00000;390.57;454.04
FR;18/09/06;1.00000;404.53;473.68
FR;11/09/06;1.00000;429.67;499.25
FR;04/09/06;1.00000;456.39;513.14
FR;28/08/06;1.00000;473.56;518.1
FR;21/08/06;1.00000;499.18;520.73
FR;14/08/06;1.00000;520.14;525.16
FR;07/08/06;1.00000;529.7;519.85
FR;31/07/06;1.00000;524.83;512.61
FR;24/07/06;1.00000;531.81;522.51
FR;17/07/06;1.00000;517.1;517.19
FR;10/07/06;1.00000;509.58;513.86
FR;03/07/06;1.00000;501.27;510.41
FR;26/06/06;1.00000;484.97;500.88
FR;19/06/06;1.00000;491.88;504.88
FR;12/06/06;1.00000;494.8;504.2
FR;05/06/06;1.00000;487.51;504.24
FR;29/05/06;1.00000;480.87;500.48
FR;22/05/06;1.00000;489.86;508.36
FR;15/05/06;1.00000;501.87;517.76
FR;08/05/06;1.00000;510.06;525.76
FR;01/05/06;1.00000;510.05;529.64
FR;24/04/06;1.00000;503.09;522.98
FR;10/04/06;1.00000;468.97;494.54
FR;03/04/06;1.00000;459.82;492.77
FR;27/03/06;1.00000;445.11;487.38
FR;20/03/06;1.00000;443.4;489.59
FR;13/03/06;1.00000;420.89;487.67
FR;06/03/06;1.00000;417.24;481.82
FR;27/02/06;1.00000;412.68;472.78
FR;20/02/06;1.00000;408.41;467.25
FR;13/02/06;1.00000;426.36;472.42
FR;06/02/06;1.00000;435.62;479.88
FR;30/01/06;1.00000;435.37;477.54
FR;23/01/06;1.00000;435.79;469.67
FR;16/01/06;1.00000;430.6;464.64
FR;09/01/06;1.00000;421.63;462.56
FR;19/12/05;1.00000;397.97;452.39
FR;12/12/05;1.00000;389.58;448.92
FR;05/12/05;1.00000;377.12;439.32
FR;28/11/05;1.00000;381.41;446.96
FR;21/11/05;1.00000;383.42;451.62
FR;14/11/05;1.00000;391.4;458.1
FR;07/11/05;1.00000;398.33;473.13
FR;24/10/05;1.00000;422.43;499.85
FR;17/10/05;1.00000;451.98;517.58
FR;10/10/05;1.00000;487.69;523.26
FR;03/10/05;1.00000;489.52;515.23
FR;26/09/05;1.00000;468.23;500.3
FR;19/09/05;1.00000;457.47;480.85
FR;12/09/05;1.00000;503.29;510.47
FR;05/09/05;1.00000;521.94;521.19
FR;29/08/05;1.00000;447.55;491.75
FR;22/08/05;1.00000;446.08;485.39
FR;15/08/05;1.00000;421.41;458.93
FR;08/08/05;1.00000;421.41;458.93
FR;01/08/05;1.00000;414.57;458.74
FR;25/07/05;1.00000;415.99;465.87
FR;18/07/05;1.00000;413.59;474.81
FR;11/07/05;1.00000;417.68;476.65
FR;04/07/05;1.00000;394.02;457.97
FR;27/06/05;1.00000;391.96;459.89
FR;20/06/05;1.00000;381.08;457.16
FR;13/06/05;1.00000;368.41;439.91
FR;06/06/05;1.00000;359.43;422.45
FR;30/05/05;1.00000;349.46;403.97
FR;23/05/05;1.00000;347.88;399.6
FR;16/05/05;1.00000;352.89;405.78
FR;09/05/05;1.00000;359.29;417.09
FR;02/05/05;1.00000;370.51;424.46
FR;25/04/05;1.00000;363.52;423.52
FR;18/04/05;1.00000;364.64;428.84
FR;11/04/05;1.00000;383.65;442.98
FR;04/04/05;1.00000;362.22;423.43
FR;21/03/05;1.00000;336.56;426.61
FR;14/03/05;1.00000;336.32;414.24
FR;07/03/05;1.00000;326.12;398.83
FR;28/02/05;1.00000;322.41;381.91
FR;21/02/05;1.00000;319.58;362.44
FR;14/02/05;1.00000;315.9;359.76
FR;07/02/05;1.00000;319.76;361.36
FR;31/01/05;1.00000;314.66;363.03
FR;24/01/05;1.00000;294.28;352.63
FR;17/01/05;1.00000;278.89;347.72
FR;10/01/05;1.00000;270.01;350.87
FR;03/01/05;1.00000;259.55;355.2
